id_participante,estado_asistencia,tiempo_registro_seg,hay_error,tiempo_extra_por_error,registro_duplicado,evento_id
1,presente,48.45,True,60.0,False,Sesion_1
2,presente,28.73,False,0.0,False,Sesion_1
3,presente,31.32,False,0.0,False,Sesion_1
4,ausente,0.0,False,0.0,False,Sesion_1
5,presente,31.18,False,0.0,False,Sesion_1
6,tardanza,29.75,True,60.0,False,Sesion_1
7,tardanza,50.33,False,0.0,False,Sesion_1
8,presente,30.16,True,60.0,False,Sesion_1
9,ausente,0.0,False,0.0,False,Sesion_1
10,ausente,0.0,False,0.0,False,Sesion_1
11,presente,35.44,False,0.0,False,Sesion_1
12,presente,31.11,False,0.0,False,Sesion_1
13,ausente,0.0,False,0.0,False,Sesion_1
14,presente,23.46,True,60.0,False,Sesion_1
15,presente,31.41,False,0.0,False,Sesion_1
16,presente,33.57,False,0.0,False,Sesion_1
17,presente,39.52,False,0.0,False,Sesion_1
18,presente,38.44,False,0.0,False,Sesion_1
19,presente,35.57,True,60.0,False,Sesion_1
20,presente,33.94,False,0.0,False,Sesion_1
21,presente,29.25,False,0.0,False,Sesion_1
22,presente,42.69,False,0.0,False,Sesion_1
23,presente,26.08,False,0.0,False,Sesion_1
24,presente,32.53,False,0.0,False,Sesion_1
25,presente,56.52,False,0.0,False,Sesion_1
26,presente,40.76,False,0.0,False,Sesion_1
27,ausente,0.0,False,0.0,False,Sesion_1
28,presente,34.31,False,0.0,False,Sesion_1
29,presente,26.18,False,0.0,False,Sesion_1
30,presente,26.92,False,0.0,False,Sesion_1
31,ausente,0.0,False,0.0,False,Sesion_1
32,tardanza,31.06,False,0.0,False,Sesion_1
33,presente,27.8,False,0.0,False,Sesion_1
34,presente,26.54,False,0.0,False,Sesion_1
35,presente,43.19,False,0.0,False,Sesion_1
36,presente,44.82,False,0.0,False,Sesion_1
37,presente,45.55,False,0.0,False,Sesion_1
38,tardanza,44.68,False,0.0,False,Sesion_1
39,presente,30.76,False,0.0,False,Sesion_1
40,presente,36.25,False,0.0,False,Sesion_1
41,presente,24.42,False,0.0,False,Sesion_1
42,ausente,0.0,False,0.0,False,Sesion_1
43,presente,32.65,False,0.0,False,Sesion_1
44,presente,13.03,False,0.0,False,Sesion_1
45,presente,42.15,False,0.0,False,Sesion_1
46,tardanza,32.87,False,0.0,False,Sesion_1
47,presente,20.83,False,0.0,False,Sesion_1
48,presente,48.6,False,0.0,False,Sesion_1
49,ausente,0.0,False,0.0,False,Sesion_1
50,presente,23.77,False,0.0,False,Sesion_1
51,presente,32.96,False,0.0,False,Sesion_1
52,presente,26.63,False,0.0,False,Sesion_1
53,tardanza,29.86,False,0.0,False,Sesion_1
54,presente,33.02,False,0.0,False,Sesion_1
55,presente,29.67,True,60.0,False,Sesion_1
56,presente,40.2,False,0.0,False,Sesion_1
57,presente,43.43,False,0.0,False,Sesion_1
58,presente,19.2,False,0.0,False,Sesion_1
59,presente,32.35,False,0.0,False,Sesion_1
60,ausente,0.0,False,0.0,False,Sesion_1
61,ausente,0.0,False,0.0,False,Sesion_1
62,presente,42.05,False,0.0,False,Sesion_1
63,presente,38.27,False,0.0,False,Sesion_1
64,presente,17.32,False,0.0,False,Sesion_1
65,presente,34.25,False,0.0,False,Sesion_1
66,presente,58.94,True,60.0,False,Sesion_1
67,presente,34.55,False,0.0,False,Sesion_1
68,presente,54.94,False,0.0,False,Sesion_1
69,presente,21.14,False,0.0,False,Sesion_1
70,presente,32.61,False,0.0,False,Sesion_1
70,presente,33.75,False,0.0,True,Sesion_1
71,presente,28.32,False,0.0,False,Sesion_1
72,presente,31.58,False,0.0,False,Sesion_1
73,presente,29.18,True,60.0,False,Sesion_1
74,ausente,0.0,False,0.0,False,Sesion_1
75,presente,32.66,False,0.0,False,Sesion_1
76,tardanza,44.97,False,0.0,False,Sesion_1
77,presente,44.71,True,60.0,False,Sesion_1
78,presente,29.36,False,0.0,False,Sesion_1
79,tardanza,26.12,False,0.0,False,Sesion_1
80,presente,37.39,True,60.0,False,Sesion_1
81,presente,41.77,False,0.0,False,Sesion_1
82,presente,26.31,False,0.0,False,Sesion_1
83,presente,21.58,False,0.0,False,Sesion_1
84,ausente,0.0,False,0.0,False,Sesion_1
85,presente,37.16,False,0.0,False,Sesion_1
86,presente,40.05,False,0.0,False,Sesion_1
87,presente,47.87,True,60.0,False,Sesion_1
88,presente,28.65,True,60.0,False,Sesion_1
89,tardanza,38.09,False,0.0,False,Sesion_1
90,presente,44.58,False,0.0,False,Sesion_1
91,tardanza,27.92,True,60.0,False,Sesion_1
92,ausente,0.0,False,0.0,False,Sesion_1
93,ausente,0.0,False,0.0,False,Sesion_1
94,presente,17.47,False,0.0,False,Sesion_1
95,presente,32.55,False,0.0,False,Sesion_1
96,tardanza,21.84,False,0.0,False,Sesion_1
97,presente,26.39,False,0.0,False,Sesion_1
98,presente,29.66,True,60.0,False,Sesion_1
99,presente,26.57,False,0.0,False,Sesion_1
100,tardanza,29.34,False,0.0,False,Sesion_1
101,presente,13.26,True,60.0,False,Sesion_1
102,ausente,0.0,False,0.0,False,Sesion_1
103,presente,22.3,False,0.0,False,Sesion_1
104,tardanza,41.83,False,0.0,False,Sesion_1
105,tardanza,26.76,False,0.0,False,Sesion_1
106,presente,39.16,False,0.0,False,Sesion_1
107,presente,48.78,False,0.0,False,Sesion_1
108,presente,22.55,True,60.0,False,Sesion_1
109,presente,29.11,False,0.0,False,Sesion_1
110,presente,36.72,False,0.0,False,Sesion_1
111,presente,15.83,False,0.0,False,Sesion_1
112,presente,32.05,True,60.0,False,Sesion_1
113,presente,26.46,False,0.0,False,Sesion_1
114,presente,39.93,False,0.0,False,Sesion_1
115,presente,33.12,False,0.0,False,Sesion_1
116,presente,35.05,False,0.0,False,Sesion_1
117,presente,29.8,False,0.0,False,Sesion_1
118,tardanza,29.31,False,0.0,False,Sesion_1
119,presente,32.7,False,0.0,False,Sesion_1
120,presente,40.2,False,0.0,False,Sesion_1
121,presente,13.32,False,0.0,False,Sesion_1
122,tardanza,20.46,False,0.0,False,Sesion_1
123,presente,55.69,False,0.0,False,Sesion_1
124,presente,41.81,False,0.0,False,Sesion_1
125,presente,30.3,False,0.0,False,Sesion_1
126,presente,38.6,False,0.0,False,Sesion_1
127,presente,33.76,False,0.0,False,Sesion_1
127,presente,35.85,False,0.0,True,Sesion_1
128,presente,39.71,False,0.0,False,Sesion_1
129,presente,45.02,True,60.0,False,Sesion_1
130,presente,22.42,False,0.0,False,Sesion_1
131,presente,28.35,True,60.0,False,Sesion_1
132,presente,32.37,False,0.0,False,Sesion_1
133,presente,20.69,False,0.0,False,Sesion_1
134,presente,43.38,False,0.0,False,Sesion_1
135,tardanza,31.1,False,0.0,False,Sesion_1
136,presente,46.15,True,60.0,False,Sesion_1
137,presente,41.35,False,0.0,False,Sesion_1
138,presente,29.68,False,0.0,False,Sesion_1
139,presente,35.33,False,0.0,False,Sesion_1
140,presente,30.03,False,0.0,False,Sesion_1
141,ausente,0.0,False,0.0,False,Sesion_1
142,presente,26.54,False,0.0,False,Sesion_1
143,tardanza,29.91,True,60.0,False,Sesion_1
144,presente,33.99,False,0.0,False,Sesion_1
145,presente,35.87,False,0.0,False,Sesion_1
146,presente,40.35,False,0.0,False,Sesion_1
147,presente,40.46,False,0.0,False,Sesion_1
148,ausente,0.0,False,0.0,False,Sesion_1
149,presente,33.59,False,0.0,False,Sesion_1
150,presente,33.64,False,0.0,False,Sesion_1
151,presente,45.95,False,0.0,False,Sesion_1
152,presente,37.96,False,0.0,False,Sesion_1
153,presente,39.14,False,0.0,False,Sesion_1
154,presente,39.42,False,0.0,False,Sesion_1
155,ausente,0.0,False,0.0,False,Sesion_1
156,ausente,0.0,False,0.0,False,Sesion_1
157,presente,35.87,False,0.0,False,Sesion_1
158,presente,39.45,False,0.0,False,Sesion_1
159,presente,37.02,False,0.0,False,Sesion_1
160,tardanza,30.92,False,0.0,False,Sesion_1
161,presente,37.99,False,0.0,False,Sesion_1
162,presente,32.82,False,0.0,False,Sesion_1
163,presente,44.98,False,0.0,False,Sesion_1
164,tardanza,37.18,False,0.0,False,Sesion_1
165,presente,31.52,True,60.0,False,Sesion_1
166,presente,30.96,False,0.0,False,Sesion_1
167,presente,20.79,False,0.0,False,Sesion_1
168,presente,38.17,True,60.0,False,Sesion_1
169,tardanza,34.85,False,0.0,False,Sesion_1
170,presente,44.87,False,0.0,False,Sesion_1
171,presente,43.57,True,60.0,False,Sesion_1
172,tardanza,53.15,False,0.0,False,Sesion_1
173,tardanza,28.68,False,0.0,False,Sesion_1
174,presente,35.37,False,0.0,False,Sesion_1
175,presente,51.56,False,0.0,False,Sesion_1
176,tardanza,32.1,False,0.0,False,Sesion_1
177,ausente,0.0,False,0.0,False,Sesion_1
178,presente,28.56,False,0.0,False,Sesion_1
179,presente,59.69,True,60.0,False,Sesion_1
180,presente,38.64,False,0.0,False,Sesion_1
181,presente,36.52,True,60.0,False,Sesion_1
182,tardanza,52.31,False,0.0,False,Sesion_1
183,presente,38.86,False,0.0,False,Sesion_1
184,presente,34.08,False,0.0,False,Sesion_1
185,presente,26.97,True,60.0,False,Sesion_1
186,presente,17.38,False,0.0,False,Sesion_1
187,presente,28.39,False,0.0,False,Sesion_1
188,presente,59.24,False,0.0,False,Sesion_1
189,presente,45.73,False,0.0,False,Sesion_1
190,presente,27.38,False,0.0,False,Sesion_1
191,presente,42.55,False,0.0,False,Sesion_1
192,presente,30.35,False,0.0,False,Sesion_1
193,tardanza,23.12,False,0.0,False,Sesion_1
194,presente,16.37,False,0.0,False,Sesion_1
195,presente,33.57,False,0.0,False,Sesion_1
196,ausente,0.0,False,0.0,False,Sesion_1
197,presente,42.83,False,0.0,False,Sesion_1
198,presente,36.81,False,0.0,False,Sesion_1
199,ausente,0.0,False,0.0,False,Sesion_1
200,presente,40.23,False,0.0,False,Sesion_1
201,presente,41.92,False,0.0,False,Sesion_1
202,presente,26.04,True,60.0,False,Sesion_1
203,tardanza,33.52,False,0.0,False,Sesion_1
204,presente,18.48,False,0.0,False,Sesion_1
205,presente,60.94,False,0.0,False,Sesion_1
206,ausente,0.0,False,0.0,False,Sesion_1
207,presente,33.05,False,0.0,False,Sesion_1
208,ausente,0.0,False,0.0,False,Sesion_1
209,presente,31.23,False,0.0,False,Sesion_1
210,presente,37.22,False,0.0,False,Sesion_1
211,presente,31.89,False,0.0,False,Sesion_1
212,presente,22.02,False,0.0,False,Sesion_1
213,presente,41.92,False,0.0,False,Sesion_1
214,presente,39.57,False,0.0,False,Sesion_1
215,presente,26.65,False,0.0,False,Sesion_1
216,presente,32.99,True,60.0,False,Sesion_1
217,presente,37.63,False,0.0,False,Sesion_1
218,presente,38.15,False,0.0,False,Sesion_1
219,presente,19.95,True,60.0,False,Sesion_1
220,presente,48.07,False,0.0,False,Sesion_1
221,presente,27.92,False,0.0,False,Sesion_1
222,presente,39.47,False,0.0,False,Sesion_1
223,presente,20.32,False,0.0,False,Sesion_1
224,presente,45.78,False,0.0,False,Sesion_1
225,presente,21.59,True,60.0,False,Sesion_1
226,presente,17.39,False,0.0,False,Sesion_1
227,presente,40.52,True,60.0,False,Sesion_1
227,presente,44.26,True,60.0,True,Sesion_1
228,presente,62.3,False,0.0,False,Sesion_1
229,presente,33.93,False,0.0,False,Sesion_1
230,tardanza,36.57,False,0.0,False,Sesion_1
231,presente,43.06,False,0.0,False,Sesion_1
232,presente,42.77,False,0.0,False,Sesion_1
233,presente,35.68,False,0.0,False,Sesion_1
234,presente,28.95,False,0.0,False,Sesion_1
235,presente,31.49,False,0.0,False,Sesion_1
236,presente,40.97,False,0.0,False,Sesion_1
237,presente,32.72,False,0.0,False,Sesion_1
238,tardanza,28.64,False,0.0,False,Sesion_1
239,tardanza,35.35,False,0.0,False,Sesion_1
240,presente,41.87,False,0.0,False,Sesion_1
241,presente,42.29,False,0.0,False,Sesion_1
242,presente,37.54,False,0.0,False,Sesion_1
243,presente,28.53,False,0.0,False,Sesion_1
244,presente,46.58,True,60.0,False,Sesion_1
245,presente,22.38,False,0.0,False,Sesion_1
246,tardanza,29.02,False,0.0,False,Sesion_1
247,presente,31.34,False,0.0,False,Sesion_1
248,presente,13.28,False,0.0,False,Sesion_1
249,presente,40.09,False,0.0,False,Sesion_1
250,ausente,0.0,False,0.0,False,Sesion_1
251,presente,54.63,False,0.0,False,Sesion_1
252,presente,38.67,False,0.0,False,Sesion_1
253,presente,31.05,False,0.0,False,Sesion_1
254,presente,28.78,True,60.0,False,Sesion_1
255,presente,41.16,True,60.0,False,Sesion_1
256,presente,18.67,True,60.0,False,Sesion_1
257,presente,38.21,False,0.0,False,Sesion_1
258,presente,39.89,False,0.0,False,Sesion_1
259,presente,28.11,False,0.0,False,Sesion_1
260,presente,41.26,False,0.0,False,Sesion_1
1,presente,41.21,False,0.0,False,Sesion_2
2,presente,25.84,False,0.0,False,Sesion_2
3,presente,26.71,False,0.0,False,Sesion_2
4,presente,27.21,False,0.0,False,Sesion_2
5,tardanza,29.9,False,0.0,False,Sesion_2
6,tardanza,31.81,True,60.0,False,Sesion_2
7,presente,35.27,False,0.0,False,Sesion_2
8,tardanza,33.31,False,0.0,False,Sesion_2
9,presente,29.24,False,0.0,False,Sesion_2
10,presente,34.26,True,60.0,False,Sesion_2
11,presente,32.93,False,0.0,False,Sesion_2
12,presente,34.38,False,0.0,False,Sesion_2
13,presente,41.28,False,0.0,False,Sesion_2
14,presente,49.1,False,0.0,False,Sesion_2
15,presente,33.1,False,0.0,False,Sesion_2
16,presente,29.03,False,0.0,False,Sesion_2
17,presente,28.01,False,0.0,False,Sesion_2
18,tardanza,43.57,False,0.0,False,Sesion_2
19,presente,35.08,False,0.0,False,Sesion_2
20,presente,35.92,False,0.0,False,Sesion_2
21,presente,14.63,False,0.0,False,Sesion_2
22,presente,32.33,False,0.0,False,Sesion_2
23,presente,53.0,False,0.0,False,Sesion_2
24,presente,21.93,False,0.0,False,Sesion_2
25,presente,17.67,False,0.0,False,Sesion_2
26,presente,49.63,True,60.0,False,Sesion_2
27,presente,29.49,False,0.0,False,Sesion_2
28,presente,54.43,False,0.0,False,Sesion_2
29,presente,39.46,False,0.0,False,Sesion_2
30,ausente,0.0,False,0.0,False,Sesion_2
31,ausente,0.0,False,0.0,False,Sesion_2
32,presente,27.03,False,0.0,False,Sesion_2
33,tardanza,32.66,True,60.0,False,Sesion_2
34,presente,56.27,False,0.0,False,Sesion_2
35,presente,42.18,False,0.0,False,Sesion_2
36,presente,28.0,False,0.0,False,Sesion_2
36,presente,30.77,False,0.0,True,Sesion_2
37,presente,36.85,False,0.0,False,Sesion_2
38,presente,41.14,False,0.0,False,Sesion_2
39,presente,34.48,True,60.0,False,Sesion_2
40,ausente,0.0,False,0.0,False,Sesion_2
41,presente,28.01,False,0.0,False,Sesion_2
42,tardanza,19.7,False,0.0,False,Sesion_2
43,presente,34.68,False,0.0,False,Sesion_2
44,presente,13.78,False,0.0,False,Sesion_2
45,presente,33.85,False,0.0,False,Sesion_2
46,presente,39.74,False,0.0,False,Sesion_2
47,presente,40.32,False,0.0,False,Sesion_2
48,presente,31.31,False,0.0,False,Sesion_2
49,presente,46.18,False,0.0,False,Sesion_2
50,presente,31.33,False,0.0,False,Sesion_2
51,presente,46.33,False,0.0,False,Sesion_2
52,presente,32.42,False,0.0,False,Sesion_2
53,presente,30.81,False,0.0,False,Sesion_2
54,presente,31.27,False,0.0,False,Sesion_2
55,presente,34.48,False,0.0,False,Sesion_2
56,presente,29.56,False,0.0,False,Sesion_2
57,presente,35.71,False,0.0,False,Sesion_2
58,presente,20.4,False,0.0,False,Sesion_2
59,presente,19.05,False,0.0,False,Sesion_2
60,presente,34.18,True,60.0,False,Sesion_2
61,tardanza,46.08,True,60.0,False,Sesion_2
62,presente,36.3,False,0.0,False,Sesion_2
63,presente,37.42,False,0.0,False,Sesion_2
64,presente,47.24,False,0.0,False,Sesion_2
65,presente,32.05,False,0.0,False,Sesion_2
66,presente,42.32,False,0.0,False,Sesion_2
67,presente,35.4,False,0.0,False,Sesion_2
68,presente,50.46,False,0.0,False,Sesion_2
68,presente,54.8,False,0.0,True,Sesion_2
69,presente,54.6,False,0.0,False,Sesion_2
70,tardanza,47.13,False,0.0,False,Sesion_2
71,presente,44.98,False,0.0,False,Sesion_2
72,presente,41.84,False,0.0,False,Sesion_2
73,presente,31.35,False,0.0,False,Sesion_2
74,presente,32.87,False,0.0,False,Sesion_2
75,presente,41.05,True,60.0,False,Sesion_2
76,ausente,0.0,False,0.0,False,Sesion_2
77,presente,25.38,False,0.0,False,Sesion_2
78,presente,32.93,False,0.0,False,Sesion_2
79,presente,21.64,False,0.0,False,Sesion_2
80,presente,19.56,False,0.0,False,Sesion_2
81,presente,26.9,False,0.0,False,Sesion_2
82,presente,48.64,False,0.0,False,Sesion_2
83,tardanza,42.48,False,0.0,False,Sesion_2
84,presente,29.78,False,0.0,False,Sesion_2
84,presente,32.71,False,0.0,True,Sesion_2
85,presente,36.95,True,60.0,False,Sesion_2
86,presente,30.29,False,0.0,False,Sesion_2
87,tardanza,30.7,False,0.0,False,Sesion_2
87,tardanza,32.42,False,0.0,True,Sesion_2
88,presente,57.32,False,0.0,False,Sesion_2
89,presente,30.11,False,0.0,False,Sesion_2
90,tardanza,38.53,False,0.0,False,Sesion_2
91,presente,40.21,False,0.0,False,Sesion_2
92,presente,34.36,False,0.0,False,Sesion_2
93,presente,24.33,False,0.0,False,Sesion_2
94,presente,34.88,False,0.0,False,Sesion_2
95,tardanza,28.4,False,0.0,False,Sesion_2
96,presente,26.92,False,0.0,False,Sesion_2
97,presente,30.1,False,0.0,False,Sesion_2
98,tardanza,41.7,False,0.0,False,Sesion_2
99,presente,40.07,False,0.0,False,Sesion_2
100,presente,45.56,False,0.0,False,Sesion_2
101,ausente,0.0,False,0.0,False,Sesion_2
102,presente,34.71,False,0.0,False,Sesion_2
103,presente,40.97,False,0.0,False,Sesion_2
104,presente,32.3,False,0.0,False,Sesion_2
105,ausente,0.0,False,0.0,False,Sesion_2
106,presente,43.85,False,0.0,False,Sesion_2
107,tardanza,22.61,False,0.0,False,Sesion_2
108,presente,41.81,False,0.0,False,Sesion_2
109,presente,31.39,False,0.0,False,Sesion_2
110,presente,44.97,False,0.0,False,Sesion_2
111,ausente,0.0,False,0.0,False,Sesion_2
112,presente,28.35,False,0.0,False,Sesion_2
113,presente,38.68,False,0.0,False,Sesion_2
114,presente,31.86,True,60.0,False,Sesion_2
115,presente,34.72,False,0.0,False,Sesion_2
116,presente,43.26,False,0.0,False,Sesion_2
117,presente,45.65,True,60.0,False,Sesion_2
118,presente,35.93,False,0.0,False,Sesion_2
119,presente,34.55,False,0.0,False,Sesion_2
120,presente,25.87,True,60.0,False,Sesion_2
121,presente,51.58,False,0.0,False,Sesion_2
122,ausente,0.0,False,0.0,False,Sesion_2
123,presente,28.98,False,0.0,False,Sesion_2
124,presente,37.4,False,0.0,False,Sesion_2
125,presente,37.63,False,0.0,False,Sesion_2
126,presente,30.49,True,60.0,False,Sesion_2
127,tardanza,39.96,False,0.0,False,Sesion_2
128,presente,41.87,False,0.0,False,Sesion_2
129,presente,42.8,False,0.0,False,Sesion_2
130,presente,45.79,False,0.0,False,Sesion_2
131,presente,29.04,False,0.0,False,Sesion_2
132,presente,21.86,False,0.0,False,Sesion_2
133,presente,26.81,False,0.0,False,Sesion_2
134,presente,36.22,False,0.0,False,Sesion_2
135,tardanza,53.97,False,0.0,False,Sesion_2
136,tardanza,39.26,False,0.0,False,Sesion_2
137,presente,48.19,False,0.0,False,Sesion_2
138,presente,27.29,False,0.0,False,Sesion_2
139,presente,38.65,False,0.0,False,Sesion_2
140,presente,43.26,False,0.0,False,Sesion_2
141,presente,50.45,True,60.0,False,Sesion_2
142,presente,31.19,False,0.0,False,Sesion_2
143,presente,47.19,False,0.0,False,Sesion_2
144,presente,37.84,False,0.0,False,Sesion_2
145,tardanza,36.51,False,0.0,False,Sesion_2
146,presente,44.47,False,0.0,False,Sesion_2
147,presente,25.46,False,0.0,False,Sesion_2
148,ausente,0.0,False,0.0,False,Sesion_2
149,presente,17.72,False,0.0,False,Sesion_2
150,presente,32.62,True,60.0,False,Sesion_2
151,presente,39.9,True,60.0,False,Sesion_2
152,presente,21.19,False,0.0,False,Sesion_2
153,presente,33.84,False,0.0,False,Sesion_2
154,presente,33.62,False,0.0,False,Sesion_2
155,presente,29.13,False,0.0,False,Sesion_2
156,presente,38.25,False,0.0,False,Sesion_2
157,presente,28.54,False,0.0,False,Sesion_2
158,presente,41.51,True,60.0,False,Sesion_2
159,presente,42.08,False,0.0,False,Sesion_2
160,presente,41.85,False,0.0,False,Sesion_2
161,presente,29.97,False,0.0,False,Sesion_2
162,tardanza,37.3,False,0.0,False,Sesion_2
163,presente,31.58,False,0.0,False,Sesion_2
164,ausente,0.0,False,0.0,False,Sesion_2
165,ausente,0.0,False,0.0,False,Sesion_2
166,presente,45.54,False,0.0,False,Sesion_2
167,presente,34.19,False,0.0,False,Sesion_2
168,presente,43.2,True,60.0,False,Sesion_2
169,presente,37.76,False,0.0,False,Sesion_2
170,presente,37.39,True,60.0,False,Sesion_2
171,presente,19.62,False,0.0,False,Sesion_2
172,presente,42.31,False,0.0,False,Sesion_2
173,tardanza,34.59,True,60.0,False,Sesion_2
174,presente,26.45,False,0.0,False,Sesion_2
175,presente,38.7,False,0.0,False,Sesion_2
176,presente,27.98,False,0.0,False,Sesion_2
177,ausente,0.0,False,0.0,False,Sesion_2
178,ausente,0.0,False,0.0,False,Sesion_2
179,presente,38.41,True,60.0,False,Sesion_2
180,presente,23.41,True,60.0,False,Sesion_2
181,tardanza,44.84,False,0.0,False,Sesion_2
182,presente,46.09,False,0.0,False,Sesion_2
183,tardanza,33.5,False,0.0,False,Sesion_2
184,tardanza,40.5,False,0.0,False,Sesion_2
185,presente,26.75,False,0.0,False,Sesion_2
186,presente,21.14,False,0.0,False,Sesion_2
187,presente,42.94,False,0.0,False,Sesion_2
188,presente,24.39,False,0.0,False,Sesion_2
189,presente,39.75,False,0.0,False,Sesion_2
190,tardanza,39.05,False,0.0,False,Sesion_2
191,presente,35.54,False,0.0,False,Sesion_2
192,presente,35.47,True,60.0,False,Sesion_2
193,ausente,0.0,False,0.0,False,Sesion_2
194,tardanza,37.65,False,0.0,False,Sesion_2
195,presente,44.3,False,0.0,False,Sesion_2
196,presente,33.79,False,0.0,False,Sesion_2
197,presente,33.82,False,0.0,False,Sesion_2
198,presente,44.74,False,0.0,False,Sesion_2
199,presente,35.87,True,60.0,False,Sesion_2
200,presente,39.86,False,0.0,False,Sesion_2
201,tardanza,22.47,False,0.0,False,Sesion_2
202,presente,37.35,False,0.0,False,Sesion_2
203,presente,17.67,False,0.0,False,Sesion_2
204,presente,30.72,False,0.0,False,Sesion_2
205,presente,30.62,False,0.0,False,Sesion_2
206,presente,30.22,True,60.0,False,Sesion_2
207,presente,42.12,False,0.0,False,Sesion_2
208,ausente,0.0,False,0.0,False,Sesion_2
209,presente,35.25,False,0.0,False,Sesion_2
210,tardanza,32.66,False,0.0,False,Sesion_2
211,presente,55.99,False,0.0,False,Sesion_2
212,presente,46.21,False,0.0,False,Sesion_2
213,presente,29.79,False,0.0,False,Sesion_2
214,ausente,0.0,False,0.0,False,Sesion_2
215,presente,30.54,False,0.0,False,Sesion_2
216,presente,27.51,False,0.0,False,Sesion_2
217,ausente,0.0,False,0.0,False,Sesion_2
218,presente,21.5,False,0.0,False,Sesion_2
219,presente,37.93,False,0.0,False,Sesion_2
220,presente,41.54,False,0.0,False,Sesion_2
221,ausente,0.0,False,0.0,False,Sesion_2
222,tardanza,27.91,False,0.0,False,Sesion_2
223,presente,32.22,False,0.0,False,Sesion_2
224,presente,41.05,False,0.0,False,Sesion_2
225,presente,36.91,False,0.0,False,Sesion_2
226,tardanza,32.21,True,60.0,False,Sesion_2
227,tardanza,43.17,False,0.0,False,Sesion_2
228,presente,31.51,False,0.0,False,Sesion_2
229,presente,49.43,False,0.0,False,Sesion_2
230,presente,42.01,False,0.0,False,Sesion_2
231,presente,38.65,False,0.0,False,Sesion_2
232,presente,24.61,False,0.0,False,Sesion_2
233,presente,34.61,False,0.0,False,Sesion_2
234,presente,50.62,False,0.0,False,Sesion_2
235,presente,45.17,False,0.0,False,Sesion_2
236,presente,44.76,False,0.0,False,Sesion_2
237,presente,41.58,False,0.0,False,Sesion_2
238,tardanza,29.3,False,0.0,False,Sesion_2
239,presente,38.87,False,0.0,False,Sesion_2
240,presente,40.15,False,0.0,False,Sesion_2
241,ausente,0.0,False,0.0,False,Sesion_2
242,tardanza,34.6,False,0.0,False,Sesion_2
243,presente,42.36,True,60.0,False,Sesion_2
244,presente,41.02,False,0.0,False,Sesion_2
245,presente,42.45,False,0.0,False,Sesion_2
245,presente,46.84,False,0.0,True,Sesion_2
246,presente,39.46,False,0.0,False,Sesion_2
247,presente,32.43,False,0.0,False,Sesion_2
248,presente,39.27,False,0.0,False,Sesion_2
249,tardanza,36.9,False,0.0,False,Sesion_2
250,presente,34.94,True,60.0,False,Sesion_2
251,tardanza,25.88,True,60.0,False,Sesion_2
252,tardanza,44.79,False,0.0,False,Sesion_2
253,presente,36.85,False,0.0,False,Sesion_2
254,presente,31.66,False,0.0,False,Sesion_2
255,presente,31.39,False,0.0,False,Sesion_2
256,ausente,0.0,False,0.0,False,Sesion_2
257,presente,30.22,False,0.0,False,Sesion_2
258,presente,46.73,True,60.0,False,Sesion_2
259,presente,37.7,False,0.0,False,Sesion_2
260,presente,48.06,False,0.0,False,Sesion_2
1,presente,53.47,False,0.0,False,Sesion_3
2,presente,42.99,False,0.0,False,Sesion_3
3,ausente,0.0,False,0.0,False,Sesion_3
4,ausente,0.0,False,0.0,False,Sesion_3
5,presente,34.33,False,0.0,False,Sesion_3
6,presente,25.52,False,0.0,False,Sesion_3
7,presente,39.42,False,0.0,False,Sesion_3
7,presente,43.37,False,0.0,True,Sesion_3
8,presente,26.39,False,0.0,False,Sesion_3
9,presente,42.93,True,60.0,False,Sesion_3
10,presente,52.61,False,0.0,False,Sesion_3
11,presente,37.47,False,0.0,False,Sesion_3
12,presente,17.5,False,0.0,False,Sesion_3
13,tardanza,27.64,False,0.0,False,Sesion_3
14,presente,33.67,False,0.0,False,Sesion_3
15,presente,36.27,False,0.0,False,Sesion_3
16,presente,35.49,False,0.0,False,Sesion_3
17,presente,23.99,False,0.0,False,Sesion_3
18,presente,32.9,False,0.0,False,Sesion_3
19,presente,53.38,False,0.0,False,Sesion_3
20,ausente,0.0,False,0.0,False,Sesion_3
21,presente,29.53,False,0.0,False,Sesion_3
22,presente,32.94,False,0.0,False,Sesion_3
23,presente,28.42,False,0.0,False,Sesion_3
24,tardanza,40.05,False,0.0,False,Sesion_3
25,presente,21.42,False,0.0,False,Sesion_3
26,presente,40.27,False,0.0,False,Sesion_3
27,presente,40.31,False,0.0,False,Sesion_3
28,presente,37.72,True,60.0,False,Sesion_3
29,presente,31.92,False,0.0,False,Sesion_3
30,presente,52.8,False,0.0,False,Sesion_3
31,presente,27.88,True,60.0,False,Sesion_3
32,tardanza,23.51,False,0.0,False,Sesion_3
33,presente,51.11,False,0.0,False,Sesion_3
34,presente,30.93,False,0.0,False,Sesion_3
35,presente,48.2,False,0.0,False,Sesion_3
36,tardanza,51.39,False,0.0,False,Sesion_3
37,ausente,0.0,False,0.0,False,Sesion_3
38,presente,29.05,False,0.0,False,Sesion_3
39,tardanza,28.12,False,0.0,False,Sesion_3
40,presente,16.59,False,0.0,False,Sesion_3
41,presente,36.64,False,0.0,False,Sesion_3
42,presente,36.94,True,60.0,False,Sesion_3
43,presente,42.46,False,0.0,False,Sesion_3
44,presente,35.45,False,0.0,False,Sesion_3
45,tardanza,37.86,False,0.0,False,Sesion_3
46,presente,35.86,False,0.0,False,Sesion_3
47,tardanza,26.31,False,0.0,False,Sesion_3
48,ausente,0.0,False,0.0,False,Sesion_3
49,presente,41.11,False,0.0,False,Sesion_3
50,presente,34.01,False,0.0,False,Sesion_3
51,presente,30.42,False,0.0,False,Sesion_3
52,presente,45.42,False,0.0,False,Sesion_3
53,tardanza,33.52,False,0.0,False,Sesion_3
54,presente,9.9,False,0.0,False,Sesion_3
55,ausente,0.0,False,0.0,False,Sesion_3
56,presente,39.29,False,0.0,False,Sesion_3
57,ausente,0.0,False,0.0,False,Sesion_3
58,presente,32.55,False,0.0,False,Sesion_3
59,presente,34.23,False,0.0,False,Sesion_3
60,presente,16.98,False,0.0,False,Sesion_3
61,presente,15.06,False,0.0,False,Sesion_3
62,tardanza,30.71,False,0.0,False,Sesion_3
63,presente,29.92,False,0.0,False,Sesion_3
64,presente,37.64,False,0.0,False,Sesion_3
65,presente,18.41,False,0.0,False,Sesion_3
66,presente,36.13,False,0.0,False,Sesion_3
67,presente,32.02,False,0.0,False,Sesion_3
68,presente,33.24,False,0.0,False,Sesion_3
69,ausente,0.0,False,0.0,False,Sesion_3
70,ausente,0.0,False,0.0,False,Sesion_3
71,presente,38.44,True,60.0,False,Sesion_3
72,presente,48.79,False,0.0,False,Sesion_3
73,presente,27.73,False,0.0,False,Sesion_3
74,presente,30.2,False,0.0,False,Sesion_3
75,presente,37.78,False,0.0,False,Sesion_3
76,tardanza,27.29,False,0.0,False,Sesion_3
77,presente,41.53,False,0.0,False,Sesion_3
78,ausente,0.0,False,0.0,False,Sesion_3
79,ausente,0.0,False,0.0,False,Sesion_3
80,presente,28.8,False,0.0,False,Sesion_3
80,presente,31.35,False,0.0,True,Sesion_3
81,presente,51.3,True,60.0,False,Sesion_3
82,presente,23.05,False,0.0,False,Sesion_3
83,presente,21.51,False,0.0,False,Sesion_3
84,presente,48.18,False,0.0,False,Sesion_3
85,presente,50.18,False,0.0,False,Sesion_3
86,presente,46.92,False,0.0,False,Sesion_3
87,presente,36.19,False,0.0,False,Sesion_3
88,presente,47.85,False,0.0,False,Sesion_3
89,presente,8.72,True,60.0,False,Sesion_3
90,presente,26.43,False,0.0,False,Sesion_3
90,presente,30.95,False,0.0,True,Sesion_3
91,tardanza,38.08,False,0.0,False,Sesion_3
92,ausente,0.0,False,0.0,False,Sesion_3
93,presente,45.74,False,0.0,False,Sesion_3
94,presente,22.11,False,0.0,False,Sesion_3
95,presente,30.73,False,0.0,False,Sesion_3
96,tardanza,26.49,False,0.0,False,Sesion_3
97,presente,28.07,False,0.0,False,Sesion_3
98,presente,38.09,False,0.0,False,Sesion_3
99,presente,20.94,False,0.0,False,Sesion_3
100,presente,32.93,False,0.0,False,Sesion_3
101,presente,43.86,False,0.0,False,Sesion_3
102,presente,31.81,False,0.0,False,Sesion_3
103,presente,20.91,False,0.0,False,Sesion_3
104,ausente,0.0,False,0.0,False,Sesion_3
105,presente,37.19,False,0.0,False,Sesion_3
106,tardanza,31.17,False,0.0,False,Sesion_3
107,presente,33.94,False,0.0,False,Sesion_3
108,presente,48.19,False,0.0,False,Sesion_3
109,presente,33.8,True,60.0,False,Sesion_3
110,presente,31.24,False,0.0,False,Sesion_3
111,tardanza,34.67,False,0.0,False,Sesion_3
112,presente,45.26,False,0.0,False,Sesion_3
113,presente,35.35,True,60.0,False,Sesion_3
114,ausente,0.0,False,0.0,False,Sesion_3
115,presente,44.89,False,0.0,False,Sesion_3
116,presente,18.11,False,0.0,False,Sesion_3
117,presente,36.01,False,0.0,False,Sesion_3
118,presente,31.36,False,0.0,False,Sesion_3
119,presente,42.63,False,0.0,False,Sesion_3
120,tardanza,30.07,False,0.0,False,Sesion_3
121,presente,40.72,True,60.0,False,Sesion_3
122,presente,33.33,False,0.0,False,Sesion_3
123,presente,35.97,False,0.0,False,Sesion_3
124,presente,34.1,False,0.0,False,Sesion_3
125,presente,29.44,False,0.0,False,Sesion_3
126,presente,36.76,False,0.0,False,Sesion_3
127,presente,40.34,False,0.0,False,Sesion_3
128,presente,31.48,False,0.0,False,Sesion_3
129,presente,38.67,False,0.0,False,Sesion_3
130,presente,35.8,False,0.0,False,Sesion_3
131,presente,33.62,False,0.0,False,Sesion_3
132,presente,31.73,False,0.0,False,Sesion_3
133,presente,44.18,True,60.0,False,Sesion_3
134,presente,27.35,False,0.0,False,Sesion_3
135,presente,39.92,True,60.0,False,Sesion_3
136,presente,28.89,False,0.0,False,Sesion_3
137,presente,39.64,False,0.0,False,Sesion_3
138,presente,30.9,False,0.0,False,Sesion_3
139,presente,44.62,False,0.0,False,Sesion_3
140,presente,31.83,False,0.0,False,Sesion_3
141,presente,32.65,False,0.0,False,Sesion_3
142,presente,22.33,False,0.0,False,Sesion_3
143,presente,63.63,False,0.0,False,Sesion_3
144,presente,39.82,False,0.0,False,Sesion_3
145,presente,16.42,False,0.0,False,Sesion_3
146,presente,33.02,False,0.0,False,Sesion_3
147,tardanza,41.86,False,0.0,False,Sesion_3
148,presente,21.76,False,0.0,False,Sesion_3
149,presente,45.3,False,0.0,False,Sesion_3
150,presente,41.9,False,0.0,False,Sesion_3
151,presente,42.03,False,0.0,False,Sesion_3
152,presente,38.41,False,0.0,False,Sesion_3
153,presente,29.91,False,0.0,False,Sesion_3
154,presente,32.69,False,0.0,False,Sesion_3
155,presente,18.93,False,0.0,False,Sesion_3
156,ausente,0.0,False,0.0,False,Sesion_3
157,presente,32.14,False,0.0,False,Sesion_3
158,presente,48.1,False,0.0,False,Sesion_3
159,presente,42.18,False,0.0,False,Sesion_3
160,tardanza,36.89,False,0.0,False,Sesion_3
161,presente,34.56,False,0.0,False,Sesion_3
162,tardanza,38.34,False,0.0,False,Sesion_3
163,ausente,0.0,False,0.0,False,Sesion_3
164,tardanza,43.83,False,0.0,False,Sesion_3
165,ausente,0.0,False,0.0,False,Sesion_3
166,presente,38.01,False,0.0,False,Sesion_3
167,presente,35.0,False,0.0,False,Sesion_3
168,ausente,0.0,False,0.0,False,Sesion_3
169,presente,51.19,False,0.0,False,Sesion_3
170,presente,32.52,False,0.0,False,Sesion_3
171,presente,24.12,True,60.0,False,Sesion_3
172,ausente,0.0,False,0.0,False,Sesion_3
173,presente,25.75,False,0.0,False,Sesion_3
174,tardanza,34.73,False,0.0,False,Sesion_3
175,presente,36.42,False,0.0,False,Sesion_3
176,presente,33.55,False,0.0,False,Sesion_3
177,presente,40.6,False,0.0,False,Sesion_3
178,presente,47.93,False,0.0,False,Sesion_3
179,presente,28.41,False,0.0,False,Sesion_3
180,presente,38.52,False,0.0,False,Sesion_3
181,presente,36.25,False,0.0,False,Sesion_3
182,presente,31.3,False,0.0,False,Sesion_3
183,tardanza,30.26,False,0.0,False,Sesion_3
184,ausente,0.0,False,0.0,False,Sesion_3
185,ausente,0.0,False,0.0,False,Sesion_3
186,presente,24.11,True,60.0,False,Sesion_3
187,presente,30.69,False,0.0,False,Sesion_3
188,ausente,0.0,False,0.0,False,Sesion_3
189,presente,28.13,False,0.0,False,Sesion_3
190,presente,21.56,False,0.0,False,Sesion_3
191,tardanza,42.39,False,0.0,False,Sesion_3
192,presente,37.95,False,0.0,False,Sesion_3
193,presente,34.13,False,0.0,False,Sesion_3
194,presente,20.24,False,0.0,False,Sesion_3
195,tardanza,45.53,False,0.0,False,Sesion_3
196,ausente,0.0,False,0.0,False,Sesion_3
197,presente,45.5,False,0.0,False,Sesion_3
198,presente,49.07,False,0.0,False,Sesion_3
199,presente,29.09,True,60.0,False,Sesion_3
200,presente,36.96,False,0.0,False,Sesion_3
201,presente,18.89,False,0.0,False,Sesion_3
202,presente,35.44,False,0.0,False,Sesion_3
203,ausente,0.0,False,0.0,False,Sesion_3
204,presente,55.23,False,0.0,False,Sesion_3
205,presente,18.04,False,0.0,False,Sesion_3
205,presente,21.43,False,0.0,True,Sesion_3
206,presente,31.41,False,0.0,False,Sesion_3
207,ausente,0.0,False,0.0,False,Sesion_3
208,tardanza,33.0,False,0.0,False,Sesion_3
209,presente,8.67,False,0.0,False,Sesion_3
210,presente,34.01,False,0.0,False,Sesion_3
211,presente,34.84,False,0.0,False,Sesion_3
212,presente,25.48,False,0.0,False,Sesion_3
213,presente,42.67,False,0.0,False,Sesion_3
214,presente,39.81,False,0.0,False,Sesion_3
215,presente,20.15,False,0.0,False,Sesion_3
216,ausente,0.0,False,0.0,False,Sesion_3
217,presente,35.38,False,0.0,False,Sesion_3
218,ausente,0.0,False,0.0,False,Sesion_3
219,tardanza,42.35,False,0.0,False,Sesion_3
220,presente,48.49,False,0.0,False,Sesion_3
221,presente,28.65,False,0.0,False,Sesion_3
222,presente,41.89,False,0.0,False,Sesion_3
223,presente,40.4,False,0.0,False,Sesion_3
224,ausente,0.0,False,0.0,False,Sesion_3
225,tardanza,41.93,False,0.0,False,Sesion_3
226,presente,41.22,False,0.0,False,Sesion_3
227,presente,35.39,True,60.0,False,Sesion_3
228,presente,37.95,False,0.0,False,Sesion_3
229,presente,35.51,False,0.0,False,Sesion_3
230,presente,39.56,False,0.0,False,Sesion_3
231,presente,37.84,False,0.0,False,Sesion_3
232,presente,34.21,False,0.0,False,Sesion_3
233,tardanza,42.99,False,0.0,False,Sesion_3
234,presente,44.38,False,0.0,False,Sesion_3
235,presente,35.46,False,0.0,False,Sesion_3
236,presente,43.81,True,60.0,False,Sesion_3
237,tardanza,34.03,True,60.0,False,Sesion_3
238,presente,22.99,False,0.0,False,Sesion_3
239,tardanza,28.9,False,0.0,False,Sesion_3
240,presente,36.07,False,0.0,False,Sesion_3
241,presente,34.0,False,0.0,False,Sesion_3
242,presente,23.53,False,0.0,False,Sesion_3
243,presente,39.83,True,60.0,False,Sesion_3
244,presente,16.26,False,0.0,False,Sesion_3
245,presente,45.0,False,0.0,False,Sesion_3
246,presente,25.53,False,0.0,False,Sesion_3
247,presente,39.57,False,0.0,False,Sesion_3
248,presente,24.48,False,0.0,False,Sesion_3
249,presente,20.33,False,0.0,False,Sesion_3
250,presente,55.5,False,0.0,False,Sesion_3
251,presente,36.06,False,0.0,False,Sesion_3
252,presente,45.25,False,0.0,False,Sesion_3
253,tardanza,34.55,False,0.0,False,Sesion_3
254,presente,21.42,False,0.0,False,Sesion_3
255,presente,37.86,False,0.0,False,Sesion_3
256,presente,23.32,False,0.0,False,Sesion_3
257,presente,28.34,False,0.0,False,Sesion_3
257,presente,32.52,False,0.0,True,Sesion_3
258,presente,33.09,False,0.0,False,Sesion_3
259,ausente,0.0,False,0.0,False,Sesion_3
260,presente,32.53,False,0.0,False,Sesion_3
1,presente,25.91,False,0.0,False,Sesion_4
2,presente,33.2,False,0.0,False,Sesion_4
3,presente,29.65,False,0.0,False,Sesion_4
4,presente,24.36,True,60.0,False,Sesion_4
5,presente,38.35,False,0.0,False,Sesion_4
6,presente,27.89,False,0.0,False,Sesion_4
7,ausente,0.0,False,0.0,False,Sesion_4
8,presente,35.9,False,0.0,False,Sesion_4
9,presente,34.5,False,0.0,False,Sesion_4
10,presente,43.44,False,0.0,False,Sesion_4
11,presente,41.28,False,0.0,False,Sesion_4
12,presente,42.61,False,0.0,False,Sesion_4
13,presente,37.77,True,60.0,False,Sesion_4
14,tardanza,21.03,False,0.0,False,Sesion_4
15,presente,41.12,False,0.0,False,Sesion_4
16,presente,27.14,False,0.0,False,Sesion_4
17,presente,31.11,False,0.0,False,Sesion_4
18,presente,22.95,False,0.0,False,Sesion_4
19,tardanza,39.34,False,0.0,False,Sesion_4
20,presente,37.12,False,0.0,False,Sesion_4
21,presente,43.18,False,0.0,False,Sesion_4
22,presente,43.92,False,0.0,False,Sesion_4
23,presente,33.24,False,0.0,False,Sesion_4
24,presente,37.78,False,0.0,False,Sesion_4
25,presente,40.23,False,0.0,False,Sesion_4
26,presente,25.32,False,0.0,False,Sesion_4
27,presente,32.53,False,0.0,False,Sesion_4
28,presente,24.96,False,0.0,False,Sesion_4
29,presente,38.6,False,0.0,False,Sesion_4
30,presente,34.8,False,0.0,False,Sesion_4
31,presente,13.24,False,0.0,False,Sesion_4
32,presente,46.35,False,0.0,False,Sesion_4
33,presente,56.52,False,0.0,False,Sesion_4
34,tardanza,25.26,False,0.0,False,Sesion_4
35,presente,47.9,False,0.0,False,Sesion_4
36,ausente,0.0,False,0.0,False,Sesion_4
37,presente,32.09,False,0.0,False,Sesion_4
38,tardanza,27.93,False,0.0,False,Sesion_4
39,presente,33.46,False,0.0,False,Sesion_4
40,presente,26.6,False,0.0,False,Sesion_4
41,presente,29.05,False,0.0,False,Sesion_4
42,presente,45.13,False,0.0,False,Sesion_4
43,presente,36.97,False,0.0,False,Sesion_4
44,presente,26.15,False,0.0,False,Sesion_4
45,tardanza,31.51,False,0.0,False,Sesion_4
46,presente,29.73,False,0.0,False,Sesion_4
47,presente,62.33,False,0.0,False,Sesion_4
48,ausente,0.0,False,0.0,False,Sesion_4
49,tardanza,28.54,False,0.0,False,Sesion_4
50,tardanza,36.48,False,0.0,False,Sesion_4
51,presente,33.04,False,0.0,False,Sesion_4
52,presente,38.63,False,0.0,False,Sesion_4
53,presente,28.1,False,0.0,False,Sesion_4
54,presente,28.31,False,0.0,False,Sesion_4
55,presente,37.32,False,0.0,False,Sesion_4
56,ausente,0.0,False,0.0,False,Sesion_4
57,tardanza,40.3,False,0.0,False,Sesion_4
58,presente,5.78,True,60.0,False,Sesion_4
59,presente,26.45,True,60.0,False,Sesion_4
60,presente,21.32,False,0.0,False,Sesion_4
61,tardanza,30.01,False,0.0,False,Sesion_4
62,presente,44.32,False,0.0,False,Sesion_4
63,presente,32.42,False,0.0,False,Sesion_4
64,presente,24.15,False,0.0,False,Sesion_4
65,presente,34.44,False,0.0,False,Sesion_4
66,presente,37.17,False,0.0,False,Sesion_4
67,presente,34.24,False,0.0,False,Sesion_4
68,tardanza,37.37,False,0.0,False,Sesion_4
69,presente,42.05,False,0.0,False,Sesion_4
70,presente,25.65,False,0.0,False,Sesion_4
71,presente,51.03,False,0.0,False,Sesion_4
72,presente,39.09,False,0.0,False,Sesion_4
73,tardanza,40.91,False,0.0,False,Sesion_4
74,presente,31.79,False,0.0,False,Sesion_4
75,tardanza,33.2,False,0.0,False,Sesion_4
76,presente,40.82,False,0.0,False,Sesion_4
77,presente,19.49,False,0.0,False,Sesion_4
78,presente,34.32,False,0.0,False,Sesion_4
79,presente,26.88,False,0.0,False,Sesion_4
80,presente,33.89,False,0.0,False,Sesion_4
81,presente,38.77,False,0.0,False,Sesion_4
82,presente,45.21,False,0.0,False,Sesion_4
83,tardanza,20.89,False,0.0,False,Sesion_4
84,presente,28.44,False,0.0,False,Sesion_4
85,tardanza,33.32,False,0.0,False,Sesion_4
86,presente,44.25,False,0.0,False,Sesion_4
87,presente,33.16,False,0.0,False,Sesion_4
88,presente,27.85,False,0.0,False,Sesion_4
89,presente,38.28,False,0.0,False,Sesion_4
90,presente,39.41,False,0.0,False,Sesion_4
91,ausente,0.0,False,0.0,False,Sesion_4
92,presente,45.06,False,0.0,False,Sesion_4
93,presente,49.3,False,0.0,False,Sesion_4
93,presente,52.92,False,0.0,True,Sesion_4
94,presente,23.34,False,0.0,False,Sesion_4
95,presente,17.36,False,0.0,False,Sesion_4
96,tardanza,37.38,False,0.0,False,Sesion_4
97,presente,24.99,False,0.0,False,Sesion_4
98,ausente,0.0,False,0.0,False,Sesion_4
99,presente,36.38,False,0.0,False,Sesion_4
100,presente,31.53,False,0.0,False,Sesion_4
101,presente,36.83,False,0.0,False,Sesion_4
102,tardanza,27.35,False,0.0,False,Sesion_4
103,presente,35.84,False,0.0,False,Sesion_4
104,tardanza,46.25,False,0.0,False,Sesion_4
105,presente,37.77,False,0.0,False,Sesion_4
106,presente,41.66,False,0.0,False,Sesion_4
107,tardanza,43.89,False,0.0,False,Sesion_4
108,presente,35.49,True,60.0,False,Sesion_4
109,presente,37.76,False,0.0,False,Sesion_4
110,ausente,0.0,False,0.0,False,Sesion_4
111,presente,31.66,False,0.0,False,Sesion_4
112,presente,43.06,False,0.0,False,Sesion_4
113,tardanza,49.06,False,0.0,False,Sesion_4
114,presente,17.78,False,0.0,False,Sesion_4
115,presente,26.41,False,0.0,False,Sesion_4
116,ausente,0.0,False,0.0,False,Sesion_4
117,presente,30.45,False,0.0,False,Sesion_4
118,presente,26.34,False,0.0,False,Sesion_4
118,presente,30.57,False,0.0,True,Sesion_4
119,ausente,0.0,False,0.0,False,Sesion_4
120,presente,45.76,False,0.0,False,Sesion_4
121,presente,35.35,False,0.0,False,Sesion_4
122,presente,44.43,False,0.0,False,Sesion_4
123,presente,34.76,False,0.0,False,Sesion_4
124,presente,46.39,False,0.0,False,Sesion_4
125,presente,25.67,False,0.0,False,Sesion_4
126,presente,39.75,False,0.0,False,Sesion_4
126,presente,41.0,False,0.0,True,Sesion_4
127,presente,26.69,True,60.0,False,Sesion_4
128,presente,32.78,False,0.0,False,Sesion_4
129,presente,30.47,False,0.0,False,Sesion_4
130,presente,35.05,True,60.0,False,Sesion_4
131,presente,41.09,True,60.0,False,Sesion_4
132,presente,28.4,True,60.0,False,Sesion_4
133,tardanza,39.32,False,0.0,False,Sesion_4
134,presente,31.35,False,0.0,False,Sesion_4
135,presente,32.11,False,0.0,False,Sesion_4
136,ausente,0.0,False,0.0,False,Sesion_4
137,tardanza,17.56,False,0.0,False,Sesion_4
138,ausente,0.0,False,0.0,False,Sesion_4
139,tardanza,32.1,False,0.0,False,Sesion_4
140,tardanza,39.79,False,0.0,False,Sesion_4
141,presente,22.53,False,0.0,False,Sesion_4
142,presente,22.98,False,0.0,False,Sesion_4
143,presente,25.61,False,0.0,False,Sesion_4
144,presente,29.6,False,0.0,False,Sesion_4
145,presente,53.51,False,0.0,False,Sesion_4
146,presente,31.67,False,0.0,False,Sesion_4
147,ausente,0.0,False,0.0,False,Sesion_4
148,presente,27.01,False,0.0,False,Sesion_4
149,presente,35.77,False,0.0,False,Sesion_4
150,presente,25.79,False,0.0,False,Sesion_4
151,ausente,0.0,False,0.0,False,Sesion_4
152,presente,18.42,False,0.0,False,Sesion_4
153,presente,31.99,False,0.0,False,Sesion_4
154,tardanza,44.42,True,60.0,False,Sesion_4
155,tardanza,46.94,False,0.0,False,Sesion_4
156,presente,24.61,False,0.0,False,Sesion_4
157,tardanza,36.43,False,0.0,False,Sesion_4
158,tardanza,26.82,True,60.0,False,Sesion_4
159,presente,35.35,False,0.0,False,Sesion_4
160,presente,47.25,False,0.0,False,Sesion_4
161,presente,33.3,False,0.0,False,Sesion_4
162,presente,47.18,False,0.0,False,Sesion_4
162,presente,51.48,False,0.0,True,Sesion_4
163,presente,34.1,False,0.0,False,Sesion_4
164,ausente,0.0,False,0.0,False,Sesion_4
165,presente,37.78,False,0.0,False,Sesion_4
166,presente,34.3,False,0.0,False,Sesion_4
167,ausente,0.0,False,0.0,False,Sesion_4
168,tardanza,35.8,False,0.0,False,Sesion_4
169,presente,17.08,False,0.0,False,Sesion_4
170,presente,31.2,False,0.0,False,Sesion_4
171,presente,43.42,False,0.0,False,Sesion_4
172,presente,23.64,False,0.0,False,Sesion_4
173,presente,45.62,False,0.0,False,Sesion_4
174,tardanza,35.06,False,0.0,False,Sesion_4
175,presente,40.3,False,0.0,False,Sesion_4
176,presente,35.44,False,0.0,False,Sesion_4
177,presente,30.22,False,0.0,False,Sesion_4
178,presente,51.32,False,0.0,False,Sesion_4
179,presente,26.57,False,0.0,False,Sesion_4
180,presente,30.25,False,0.0,False,Sesion_4
181,presente,50.2,True,60.0,False,Sesion_4
182,presente,30.76,False,0.0,False,Sesion_4
183,presente,29.16,False,0.0,False,Sesion_4
184,presente,47.22,True,60.0,False,Sesion_4
185,tardanza,42.12,False,0.0,False,Sesion_4
186,presente,44.83,False,0.0,False,Sesion_4
187,tardanza,43.03,False,0.0,False,Sesion_4
188,presente,38.3,False,0.0,False,Sesion_4
189,tardanza,41.6,False,0.0,False,Sesion_4
190,presente,39.0,False,0.0,False,Sesion_4
191,presente,38.08,False,0.0,False,Sesion_4
192,ausente,0.0,False,0.0,False,Sesion_4
193,tardanza,44.06,False,0.0,False,Sesion_4
194,presente,45.17,False,0.0,False,Sesion_4
195,presente,27.82,False,0.0,False,Sesion_4
196,presente,27.2,True,60.0,False,Sesion_4
197,presente,35.22,False,0.0,False,Sesion_4
198,ausente,0.0,False,0.0,False,Sesion_4
199,presente,36.3,False,0.0,False,Sesion_4
200,tardanza,36.24,False,0.0,False,Sesion_4
201,ausente,0.0,False,0.0,False,Sesion_4
202,tardanza,48.76,False,0.0,False,Sesion_4
203,tardanza,40.31,False,0.0,False,Sesion_4
204,presente,30.03,False,0.0,False,Sesion_4
205,presente,29.85,False,0.0,False,Sesion_4
206,presente,25.94,False,0.0,False,Sesion_4
207,presente,40.01,False,0.0,False,Sesion_4
208,presente,12.98,False,0.0,False,Sesion_4
209,presente,42.68,False,0.0,False,Sesion_4
210,presente,37.23,False,0.0,False,Sesion_4
211,presente,44.44,False,0.0,False,Sesion_4
212,presente,39.86,False,0.0,False,Sesion_4
213,tardanza,28.71,False,0.0,False,Sesion_4
214,presente,36.53,False,0.0,False,Sesion_4
215,presente,44.35,True,60.0,False,Sesion_4
216,presente,36.29,False,0.0,False,Sesion_4
217,presente,33.94,False,0.0,False,Sesion_4
218,tardanza,31.08,False,0.0,False,Sesion_4
219,presente,26.58,False,0.0,False,Sesion_4
220,presente,41.32,False,0.0,False,Sesion_4
221,tardanza,40.33,False,0.0,False,Sesion_4
222,tardanza,27.65,False,0.0,False,Sesion_4
223,presente,38.33,False,0.0,False,Sesion_4
224,presente,27.28,False,0.0,False,Sesion_4
225,presente,41.1,False,0.0,False,Sesion_4
226,presente,37.53,False,0.0,False,Sesion_4
227,presente,27.7,False,0.0,False,Sesion_4
228,presente,38.41,False,0.0,False,Sesion_4
229,presente,32.98,False,0.0,False,Sesion_4
230,presente,33.22,False,0.0,False,Sesion_4
231,presente,44.68,True,60.0,False,Sesion_4
232,presente,30.99,False,0.0,False,Sesion_4
233,tardanza,34.24,False,0.0,False,Sesion_4
234,presente,23.59,False,0.0,False,Sesion_4
234,presente,28.27,False,0.0,True,Sesion_4
235,presente,35.03,True,60.0,False,Sesion_4
236,presente,35.05,False,0.0,False,Sesion_4
237,presente,31.34,False,0.0,False,Sesion_4
238,presente,35.16,False,0.0,False,Sesion_4
238,presente,36.25,False,0.0,True,Sesion_4
239,presente,32.5,False,0.0,False,Sesion_4
240,presente,51.17,False,0.0,False,Sesion_4
241,ausente,0.0,False,0.0,False,Sesion_4
242,presente,36.02,False,0.0,False,Sesion_4
243,presente,47.75,True,60.0,False,Sesion_4
244,presente,33.6,False,0.0,False,Sesion_4
245,presente,46.72,True,60.0,False,Sesion_4
246,presente,37.67,False,0.0,False,Sesion_4
247,presente,29.23,False,0.0,False,Sesion_4
248,presente,39.64,True,60.0,False,Sesion_4
249,presente,40.58,False,0.0,False,Sesion_4
250,presente,41.49,False,0.0,False,Sesion_4
251,presente,32.99,False,0.0,False,Sesion_4
252,presente,26.45,False,0.0,False,Sesion_4
253,presente,34.06,False,0.0,False,Sesion_4
254,tardanza,33.99,False,0.0,False,Sesion_4
255,presente,37.34,False,0.0,False,Sesion_4
256,presente,37.49,False,0.0,False,Sesion_4
257,tardanza,32.18,False,0.0,False,Sesion_4
258,presente,38.56,False,0.0,False,Sesion_4
259,presente,48.71,False,0.0,False,Sesion_4
259,presente,52.89,False,0.0,True,Sesion_4
260,presente,25.47,False,0.0,False,Sesion_4
1,tardanza,26.28,False,0.0,False,Sesion_5
2,presente,50.76,False,0.0,False,Sesion_5
3,tardanza,31.72,False,0.0,False,Sesion_5
4,presente,13.61,False,0.0,False,Sesion_5
5,presente,28.39,False,0.0,False,Sesion_5
6,ausente,0.0,False,0.0,False,Sesion_5
7,presente,23.62,False,0.0,False,Sesion_5
8,presente,33.4,False,0.0,False,Sesion_5
9,presente,33.46,False,0.0,False,Sesion_5
10,presente,40.01,False,0.0,False,Sesion_5
11,presente,41.15,False,0.0,False,Sesion_5
12,presente,35.4,False,0.0,False,Sesion_5
13,presente,52.56,False,0.0,False,Sesion_5
13,presente,56.95,False,0.0,True,Sesion_5
14,presente,50.73,False,0.0,False,Sesion_5
15,tardanza,29.79,False,0.0,False,Sesion_5
16,presente,47.49,False,0.0,False,Sesion_5
17,presente,42.62,False,0.0,False,Sesion_5
18,tardanza,35.84,False,0.0,False,Sesion_5
19,presente,35.56,False,0.0,False,Sesion_5
20,tardanza,45.12,False,0.0,False,Sesion_5
21,tardanza,18.61,False,0.0,False,Sesion_5
22,ausente,0.0,False,0.0,False,Sesion_5
23,presente,28.33,False,0.0,False,Sesion_5
24,presente,28.22,False,0.0,False,Sesion_5
25,presente,31.1,False,0.0,False,Sesion_5
26,presente,35.96,False,0.0,False,Sesion_5
27,presente,36.93,False,0.0,False,Sesion_5
28,presente,41.49,False,0.0,False,Sesion_5
29,presente,41.91,False,0.0,False,Sesion_5
30,presente,35.64,False,0.0,False,Sesion_5
31,presente,31.7,False,0.0,False,Sesion_5
32,presente,41.13,False,0.0,False,Sesion_5
33,presente,30.12,False,0.0,False,Sesion_5
34,presente,33.7,False,0.0,False,Sesion_5
35,ausente,0.0,False,0.0,False,Sesion_5
36,presente,42.19,False,0.0,False,Sesion_5
37,presente,32.83,False,0.0,False,Sesion_5
38,presente,50.3,True,60.0,False,Sesion_5
39,presente,40.25,False,0.0,False,Sesion_5
40,presente,27.62,False,0.0,False,Sesion_5
41,presente,40.83,False,0.0,False,Sesion_5
42,presente,44.63,False,0.0,False,Sesion_5
43,presente,29.52,False,0.0,False,Sesion_5
44,tardanza,35.38,False,0.0,False,Sesion_5
45,presente,28.53,False,0.0,False,Sesion_5
46,presente,34.72,True,60.0,False,Sesion_5
47,presente,38.22,False,0.0,False,Sesion_5
48,presente,30.41,False,0.0,False,Sesion_5
49,presente,21.54,False,0.0,False,Sesion_5
50,presente,50.19,True,60.0,False,Sesion_5
50,presente,55.17,True,60.0,True,Sesion_5
51,presente,34.54,False,0.0,False,Sesion_5
52,presente,35.92,False,0.0,False,Sesion_5
53,presente,34.39,True,60.0,False,Sesion_5
54,presente,19.49,False,0.0,False,Sesion_5
55,presente,28.55,False,0.0,False,Sesion_5
56,presente,33.75,False,0.0,False,Sesion_5
57,presente,48.7,False,0.0,False,Sesion_5
58,presente,41.29,False,0.0,False,Sesion_5
59,presente,42.69,False,0.0,False,Sesion_5
60,presente,36.46,False,0.0,False,Sesion_5
61,presente,35.38,True,60.0,False,Sesion_5
62,presente,14.56,False,0.0,False,Sesion_5
63,presente,38.21,False,0.0,False,Sesion_5
63,presente,40.44,False,0.0,True,Sesion_5
64,presente,39.93,True,60.0,False,Sesion_5
65,presente,24.09,False,0.0,False,Sesion_5
66,ausente,0.0,False,0.0,False,Sesion_5
67,presente,29.34,True,60.0,False,Sesion_5
68,tardanza,31.91,True,60.0,False,Sesion_5
69,presente,32.23,False,0.0,False,Sesion_5
70,presente,36.93,False,0.0,False,Sesion_5
71,presente,23.21,True,60.0,False,Sesion_5
72,presente,30.42,False,0.0,False,Sesion_5
73,presente,62.54,True,60.0,False,Sesion_5
74,presente,21.77,True,60.0,False,Sesion_5
75,presente,44.19,False,0.0,False,Sesion_5
76,presente,30.0,False,0.0,False,Sesion_5
77,presente,42.59,False,0.0,False,Sesion_5
78,presente,45.23,False,0.0,False,Sesion_5
79,presente,37.16,True,60.0,False,Sesion_5
80,ausente,0.0,False,0.0,False,Sesion_5
81,presente,30.37,False,0.0,False,Sesion_5
82,tardanza,34.0,False,0.0,False,Sesion_5
83,tardanza,41.82,False,0.0,False,Sesion_5
84,presente,23.94,False,0.0,False,Sesion_5
85,presente,53.67,False,0.0,False,Sesion_5
86,presente,32.47,False,0.0,False,Sesion_5
87,presente,26.46,False,0.0,False,Sesion_5
88,presente,25.05,True,60.0,False,Sesion_5
89,presente,35.27,False,0.0,False,Sesion_5
90,presente,23.78,False,0.0,False,Sesion_5
91,presente,31.69,False,0.0,False,Sesion_5
92,ausente,0.0,False,0.0,False,Sesion_5
93,presente,34.54,False,0.0,False,Sesion_5
94,presente,31.69,False,0.0,False,Sesion_5
95,presente,22.82,False,0.0,False,Sesion_5
96,tardanza,21.5,False,0.0,False,Sesion_5
97,tardanza,43.55,False,0.0,False,Sesion_5
98,presente,24.56,False,0.0,False,Sesion_5
99,presente,43.56,False,0.0,False,Sesion_5
100,presente,38.17,False,0.0,False,Sesion_5
101,presente,46.28,False,0.0,False,Sesion_5
102,presente,34.75,False,0.0,False,Sesion_5
103,tardanza,41.46,False,0.0,False,Sesion_5
104,presente,38.98,False,0.0,False,Sesion_5
105,presente,35.17,False,0.0,False,Sesion_5
106,presente,32.96,False,0.0,False,Sesion_5
107,presente,35.86,False,0.0,False,Sesion_5
108,presente,41.55,True,60.0,False,Sesion_5
109,presente,32.95,False,0.0,False,Sesion_5
110,presente,56.51,False,0.0,False,Sesion_5
111,presente,36.95,False,0.0,False,Sesion_5
112,presente,29.25,False,0.0,False,Sesion_5
113,tardanza,32.3,False,0.0,False,Sesion_5
114,presente,26.47,False,0.0,False,Sesion_5
115,presente,37.92,False,0.0,False,Sesion_5
116,presente,48.55,True,60.0,False,Sesion_5
117,presente,51.0,False,0.0,False,Sesion_5
118,presente,28.68,False,0.0,False,Sesion_5
119,presente,23.36,True,60.0,False,Sesion_5
119,presente,27.52,True,60.0,True,Sesion_5
120,presente,22.93,False,0.0,False,Sesion_5
121,tardanza,32.78,False,0.0,False,Sesion_5
122,presente,31.67,False,0.0,False,Sesion_5
123,tardanza,41.38,False,0.0,False,Sesion_5
124,presente,36.56,False,0.0,False,Sesion_5
125,presente,27.85,False,0.0,False,Sesion_5
126,presente,19.33,False,0.0,False,Sesion_5
127,presente,24.52,False,0.0,False,Sesion_5
128,presente,32.54,False,0.0,False,Sesion_5
129,presente,33.33,False,0.0,False,Sesion_5
130,presente,39.58,False,0.0,False,Sesion_5
131,presente,31.19,False,0.0,False,Sesion_5
132,tardanza,40.81,False,0.0,False,Sesion_5
133,tardanza,33.41,False,0.0,False,Sesion_5
134,presente,42.72,True,60.0,False,Sesion_5
135,presente,28.04,False,0.0,False,Sesion_5
136,presente,35.92,False,0.0,False,Sesion_5
137,presente,43.14,False,0.0,False,Sesion_5
138,presente,39.57,False,0.0,False,Sesion_5
139,ausente,0.0,False,0.0,False,Sesion_5
140,presente,26.84,False,0.0,False,Sesion_5
141,ausente,0.0,False,0.0,False,Sesion_5
142,presente,43.48,False,0.0,False,Sesion_5
143,presente,23.58,False,0.0,False,Sesion_5
144,presente,24.32,True,60.0,False,Sesion_5
145,presente,24.32,False,0.0,False,Sesion_5
146,ausente,0.0,False,0.0,False,Sesion_5
147,ausente,0.0,False,0.0,False,Sesion_5
148,presente,22.09,False,0.0,False,Sesion_5
149,presente,40.17,True,60.0,False,Sesion_5
150,presente,38.68,False,0.0,False,Sesion_5
151,presente,21.24,False,0.0,False,Sesion_5
152,presente,23.76,False,0.0,False,Sesion_5
153,presente,33.69,True,60.0,False,Sesion_5
154,presente,33.94,False,0.0,False,Sesion_5
155,presente,34.46,True,60.0,False,Sesion_5
156,presente,28.72,False,0.0,False,Sesion_5
157,presente,23.39,False,0.0,False,Sesion_5
158,presente,33.5,False,0.0,False,Sesion_5
159,presente,20.22,False,0.0,False,Sesion_5
160,presente,46.35,False,0.0,False,Sesion_5
161,presente,42.7,False,0.0,False,Sesion_5
162,presente,20.82,False,0.0,False,Sesion_5
163,presente,21.24,True,60.0,False,Sesion_5
164,presente,39.77,False,0.0,False,Sesion_5
165,tardanza,33.03,True,60.0,False,Sesion_5
166,presente,41.98,False,0.0,False,Sesion_5
167,presente,37.08,True,60.0,False,Sesion_5
168,presente,33.6,True,60.0,False,Sesion_5
169,presente,45.08,False,0.0,False,Sesion_5
170,presente,28.81,False,0.0,False,Sesion_5
170,presente,33.78,False,0.0,True,Sesion_5
171,presente,48.18,False,0.0,False,Sesion_5
172,presente,28.09,False,0.0,False,Sesion_5
173,tardanza,36.29,False,0.0,False,Sesion_5
174,tardanza,25.86,False,0.0,False,Sesion_5
175,presente,51.79,False,0.0,False,Sesion_5
176,presente,40.1,False,0.0,False,Sesion_5
177,presente,34.86,True,60.0,False,Sesion_5
178,presente,48.27,False,0.0,False,Sesion_5
179,presente,39.04,False,0.0,False,Sesion_5
180,presente,39.4,False,0.0,False,Sesion_5
181,tardanza,44.69,False,0.0,False,Sesion_5
182,presente,44.72,False,0.0,False,Sesion_5
183,presente,36.77,False,0.0,False,Sesion_5
184,presente,40.24,False,0.0,False,Sesion_5
185,presente,47.07,False,0.0,False,Sesion_5
186,presente,31.91,False,0.0,False,Sesion_5
187,presente,38.9,True,60.0,False,Sesion_5
188,ausente,0.0,False,0.0,False,Sesion_5
189,presente,46.03,False,0.0,False,Sesion_5
190,tardanza,41.93,False,0.0,False,Sesion_5
191,presente,54.12,False,0.0,False,Sesion_5
192,tardanza,41.34,False,0.0,False,Sesion_5
193,tardanza,24.89,True,60.0,False,Sesion_5
194,presente,19.73,False,0.0,False,Sesion_5
195,presente,46.97,False,0.0,False,Sesion_5
196,tardanza,31.88,False,0.0,False,Sesion_5
197,presente,27.11,False,0.0,False,Sesion_5
198,presente,41.33,False,0.0,False,Sesion_5
199,tardanza,34.29,False,0.0,False,Sesion_5
200,tardanza,42.29,False,0.0,False,Sesion_5
201,presente,48.09,False,0.0,False,Sesion_5
202,presente,39.47,False,0.0,False,Sesion_5
203,presente,34.8,False,0.0,False,Sesion_5
204,tardanza,41.16,True,60.0,False,Sesion_5
205,presente,62.71,False,0.0,False,Sesion_5
206,presente,40.3,False,0.0,False,Sesion_5
207,presente,40.79,False,0.0,False,Sesion_5
208,presente,33.39,False,0.0,False,Sesion_5
209,presente,47.98,False,0.0,False,Sesion_5
210,presente,33.07,False,0.0,False,Sesion_5
211,presente,38.73,False,0.0,False,Sesion_5
212,presente,41.14,False,0.0,False,Sesion_5
213,presente,27.61,False,0.0,False,Sesion_5
214,presente,28.91,False,0.0,False,Sesion_5
215,ausente,0.0,False,0.0,False,Sesion_5
216,presente,43.59,False,0.0,False,Sesion_5
217,presente,38.21,False,0.0,False,Sesion_5
218,presente,37.36,False,0.0,False,Sesion_5
219,presente,26.38,False,0.0,False,Sesion_5
219,presente,27.9,False,0.0,True,Sesion_5
220,presente,25.48,False,0.0,False,Sesion_5
221,ausente,0.0,False,0.0,False,Sesion_5
222,presente,35.64,False,0.0,False,Sesion_5
223,presente,25.93,True,60.0,False,Sesion_5
224,presente,36.52,False,0.0,False,Sesion_5
225,tardanza,24.24,False,0.0,False,Sesion_5
226,tardanza,42.83,False,0.0,False,Sesion_5
227,presente,38.41,False,0.0,False,Sesion_5
228,presente,32.79,False,0.0,False,Sesion_5
229,presente,38.96,False,0.0,False,Sesion_5
230,presente,49.44,False,0.0,False,Sesion_5
231,presente,44.09,False,0.0,False,Sesion_5
232,presente,32.43,False,0.0,False,Sesion_5
233,presente,18.59,False,0.0,False,Sesion_5
234,tardanza,37.35,False,0.0,False,Sesion_5
235,presente,27.19,False,0.0,False,Sesion_5
236,tardanza,36.21,False,0.0,False,Sesion_5
237,presente,28.29,True,60.0,False,Sesion_5
238,presente,34.63,False,0.0,False,Sesion_5
239,presente,41.69,False,0.0,False,Sesion_5
240,presente,19.89,False,0.0,False,Sesion_5
241,presente,54.32,False,0.0,False,Sesion_5
242,presente,36.66,False,0.0,False,Sesion_5
243,presente,31.6,False,0.0,False,Sesion_5
244,presente,43.27,False,0.0,False,Sesion_5
245,ausente,0.0,False,0.0,False,Sesion_5
246,presente,26.09,False,0.0,False,Sesion_5
247,presente,29.41,False,0.0,False,Sesion_5
248,tardanza,37.88,False,0.0,False,Sesion_5
249,presente,33.95,False,0.0,False,Sesion_5
250,presente,54.64,False,0.0,False,Sesion_5
251,presente,30.72,False,0.0,False,Sesion_5
252,presente,36.22,False,0.0,False,Sesion_5
253,presente,36.4,False,0.0,False,Sesion_5
254,presente,25.58,False,0.0,False,Sesion_5
255,presente,21.37,False,0.0,False,Sesion_5
256,presente,44.66,False,0.0,False,Sesion_5
257,presente,38.2,False,0.0,False,Sesion_5
258,tardanza,36.4,False,0.0,False,Sesion_5
259,presente,43.3,True,60.0,False,Sesion_5
260,presente,48.98,True,60.0,False,Sesion_5
1,presente,41.58,False,0.0,False,Sesion_6
2,presente,21.35,False,0.0,False,Sesion_6
3,presente,30.23,False,0.0,False,Sesion_6
4,presente,46.1,False,0.0,False,Sesion_6
5,presente,38.07,False,0.0,False,Sesion_6
6,presente,34.32,False,0.0,False,Sesion_6
7,presente,45.02,False,0.0,False,Sesion_6
8,presente,27.4,False,0.0,False,Sesion_6
9,presente,28.9,False,0.0,False,Sesion_6
10,presente,28.2,False,0.0,False,Sesion_6
11,presente,31.54,False,0.0,False,Sesion_6
12,presente,48.54,False,0.0,False,Sesion_6
13,ausente,0.0,False,0.0,False,Sesion_6
14,presente,34.87,False,0.0,False,Sesion_6
15,ausente,0.0,False,0.0,False,Sesion_6
16,presente,26.89,False,0.0,False,Sesion_6
17,presente,11.05,False,0.0,False,Sesion_6
18,presente,35.6,False,0.0,False,Sesion_6
19,ausente,0.0,False,0.0,False,Sesion_6
20,presente,45.03,False,0.0,False,Sesion_6
21,presente,23.24,False,0.0,False,Sesion_6
22,presente,36.62,False,0.0,False,Sesion_6
23,presente,55.36,False,0.0,False,Sesion_6
24,presente,33.92,False,0.0,False,Sesion_6
25,presente,44.78,False,0.0,False,Sesion_6
26,presente,25.37,True,60.0,False,Sesion_6
27,tardanza,27.51,False,0.0,False,Sesion_6
28,presente,30.69,False,0.0,False,Sesion_6
29,presente,29.6,False,0.0,False,Sesion_6
30,presente,38.98,False,0.0,False,Sesion_6
31,presente,37.07,False,0.0,False,Sesion_6
32,presente,41.23,False,0.0,False,Sesion_6
33,tardanza,44.6,False,0.0,False,Sesion_6
34,presente,33.3,False,0.0,False,Sesion_6
35,presente,32.4,False,0.0,False,Sesion_6
36,presente,45.37,False,0.0,False,Sesion_6
37,ausente,0.0,False,0.0,False,Sesion_6
38,presente,58.71,False,0.0,False,Sesion_6
39,presente,39.0,True,60.0,False,Sesion_6
40,presente,38.87,False,0.0,False,Sesion_6
41,presente,29.09,False,0.0,False,Sesion_6
42,presente,45.87,False,0.0,False,Sesion_6
43,presente,35.85,False,0.0,False,Sesion_6
44,presente,35.71,False,0.0,False,Sesion_6
45,ausente,0.0,False,0.0,False,Sesion_6
46,presente,28.64,False,0.0,False,Sesion_6
47,presente,47.9,True,60.0,False,Sesion_6
48,presente,27.69,False,0.0,False,Sesion_6
49,presente,36.6,False,0.0,False,Sesion_6
50,presente,50.87,False,0.0,False,Sesion_6
51,presente,32.49,False,0.0,False,Sesion_6
52,presente,40.16,False,0.0,False,Sesion_6
53,ausente,0.0,False,0.0,False,Sesion_6
54,presente,41.36,False,0.0,False,Sesion_6
55,presente,17.39,False,0.0,False,Sesion_6
56,presente,37.1,False,0.0,False,Sesion_6
57,tardanza,32.9,False,0.0,False,Sesion_6
58,presente,42.13,False,0.0,False,Sesion_6
59,presente,18.82,True,60.0,False,Sesion_6
60,presente,49.45,False,0.0,False,Sesion_6
61,presente,44.32,False,0.0,False,Sesion_6
62,presente,28.51,False,0.0,False,Sesion_6
63,presente,51.86,True,60.0,False,Sesion_6
64,presente,25.97,False,0.0,False,Sesion_6
65,presente,34.24,False,0.0,False,Sesion_6
66,ausente,0.0,False,0.0,False,Sesion_6
67,ausente,0.0,False,0.0,False,Sesion_6
68,presente,44.53,False,0.0,False,Sesion_6
69,tardanza,47.86,False,0.0,False,Sesion_6
70,tardanza,31.23,False,0.0,False,Sesion_6
71,tardanza,51.19,False,0.0,False,Sesion_6
72,presente,23.57,False,0.0,False,Sesion_6
73,presente,36.22,False,0.0,False,Sesion_6
74,presente,28.62,False,0.0,False,Sesion_6
75,presente,53.47,False,0.0,False,Sesion_6
76,presente,36.61,False,0.0,False,Sesion_6
77,presente,44.31,True,60.0,False,Sesion_6
78,presente,14.85,True,60.0,False,Sesion_6
79,presente,30.67,False,0.0,False,Sesion_6
80,presente,38.86,False,0.0,False,Sesion_6
81,tardanza,29.49,False,0.0,False,Sesion_6
82,tardanza,34.62,True,60.0,False,Sesion_6
83,presente,38.55,False,0.0,False,Sesion_6
84,tardanza,50.81,False,0.0,False,Sesion_6
85,presente,30.38,False,0.0,False,Sesion_6
86,presente,33.49,False,0.0,False,Sesion_6
87,presente,30.21,False,0.0,False,Sesion_6
88,presente,41.18,False,0.0,False,Sesion_6
89,presente,30.25,False,0.0,False,Sesion_6
90,presente,37.49,False,0.0,False,Sesion_6
91,presente,29.98,False,0.0,False,Sesion_6
92,presente,35.78,False,0.0,False,Sesion_6
93,tardanza,28.54,False,0.0,False,Sesion_6
94,presente,53.7,False,0.0,False,Sesion_6
95,presente,29.39,False,0.0,False,Sesion_6
96,presente,45.23,False,0.0,False,Sesion_6
97,tardanza,39.24,False,0.0,False,Sesion_6
98,presente,50.45,False,0.0,False,Sesion_6
99,presente,32.47,False,0.0,False,Sesion_6
100,tardanza,34.43,False,0.0,False,Sesion_6
101,presente,39.65,False,0.0,False,Sesion_6
102,ausente,0.0,False,0.0,False,Sesion_6
103,presente,33.82,True,60.0,False,Sesion_6
104,presente,31.74,False,0.0,False,Sesion_6
105,presente,27.81,False,0.0,False,Sesion_6
106,presente,37.58,False,0.0,False,Sesion_6
107,presente,37.55,False,0.0,False,Sesion_6
108,presente,36.83,False,0.0,False,Sesion_6
109,presente,35.32,False,0.0,False,Sesion_6
110,presente,39.8,False,0.0,False,Sesion_6
111,presente,52.47,False,0.0,False,Sesion_6
112,presente,19.33,False,0.0,False,Sesion_6
113,presente,22.71,True,60.0,False,Sesion_6
114,presente,34.43,False,0.0,False,Sesion_6
115,presente,16.76,False,0.0,False,Sesion_6
116,ausente,0.0,False,0.0,False,Sesion_6
117,presente,34.35,False,0.0,False,Sesion_6
118,presente,27.73,False,0.0,False,Sesion_6
119,tardanza,26.66,False,0.0,False,Sesion_6
120,ausente,0.0,False,0.0,False,Sesion_6
121,presente,36.0,False,0.0,False,Sesion_6
122,presente,40.21,False,0.0,False,Sesion_6
123,presente,47.62,False,0.0,False,Sesion_6
124,tardanza,36.56,False,0.0,False,Sesion_6
125,tardanza,38.91,False,0.0,False,Sesion_6
126,tardanza,29.37,False,0.0,False,Sesion_6
127,presente,11.84,False,0.0,False,Sesion_6
128,presente,24.05,True,60.0,False,Sesion_6
129,presente,56.42,False,0.0,False,Sesion_6
130,presente,27.59,False,0.0,False,Sesion_6
131,presente,21.0,False,0.0,False,Sesion_6
132,tardanza,48.94,False,0.0,False,Sesion_6
133,ausente,0.0,False,0.0,False,Sesion_6
134,tardanza,46.26,False,0.0,False,Sesion_6
135,presente,25.49,False,0.0,False,Sesion_6
136,presente,37.49,True,60.0,False,Sesion_6
137,ausente,0.0,False,0.0,False,Sesion_6
138,presente,23.91,False,0.0,False,Sesion_6
139,tardanza,38.13,True,60.0,False,Sesion_6
140,ausente,0.0,False,0.0,False,Sesion_6
141,presente,40.91,True,60.0,False,Sesion_6
142,presente,48.62,False,0.0,False,Sesion_6
143,presente,28.91,False,0.0,False,Sesion_6
144,presente,42.41,False,0.0,False,Sesion_6
145,presente,11.35,False,0.0,False,Sesion_6
146,presente,34.88,False,0.0,False,Sesion_6
147,presente,40.0,False,0.0,False,Sesion_6
148,tardanza,42.79,False,0.0,False,Sesion_6
149,presente,37.71,False,0.0,False,Sesion_6
150,tardanza,39.74,False,0.0,False,Sesion_6
151,presente,30.65,False,0.0,False,Sesion_6
152,presente,46.71,False,0.0,False,Sesion_6
153,tardanza,36.93,False,0.0,False,Sesion_6
154,presente,15.26,False,0.0,False,Sesion_6
155,presente,34.95,False,0.0,False,Sesion_6
156,tardanza,27.03,False,0.0,False,Sesion_6
157,presente,26.03,False,0.0,False,Sesion_6
158,presente,29.39,False,0.0,False,Sesion_6
159,ausente,0.0,False,0.0,False,Sesion_6
160,presente,25.54,False,0.0,False,Sesion_6
161,ausente,0.0,False,0.0,False,Sesion_6
162,presente,29.43,False,0.0,False,Sesion_6
163,presente,35.67,False,0.0,False,Sesion_6
164,presente,21.25,False,0.0,False,Sesion_6
165,presente,35.03,False,0.0,False,Sesion_6
166,tardanza,19.82,False,0.0,False,Sesion_6
167,tardanza,39.03,False,0.0,False,Sesion_6
168,presente,36.81,False,0.0,False,Sesion_6
169,tardanza,29.28,False,0.0,False,Sesion_6
170,tardanza,36.61,True,60.0,False,Sesion_6
171,presente,37.84,False,0.0,False,Sesion_6
172,presente,28.73,False,0.0,False,Sesion_6
173,tardanza,42.39,False,0.0,False,Sesion_6
174,ausente,0.0,False,0.0,False,Sesion_6
175,presente,36.21,False,0.0,False,Sesion_6
176,presente,37.52,False,0.0,False,Sesion_6
177,presente,17.76,False,0.0,False,Sesion_6
178,presente,47.6,False,0.0,False,Sesion_6
179,presente,38.4,False,0.0,False,Sesion_6
180,tardanza,6.25,True,60.0,False,Sesion_6
181,presente,53.75,False,0.0,False,Sesion_6
182,tardanza,36.78,False,0.0,False,Sesion_6
182,tardanza,39.4,False,0.0,True,Sesion_6
183,tardanza,24.63,False,0.0,False,Sesion_6
184,tardanza,35.74,False,0.0,False,Sesion_6
185,presente,49.53,False,0.0,False,Sesion_6
186,presente,46.97,False,0.0,False,Sesion_6
187,presente,37.82,False,0.0,False,Sesion_6
188,presente,36.5,False,0.0,False,Sesion_6
189,presente,19.51,False,0.0,False,Sesion_6
190,presente,53.02,False,0.0,False,Sesion_6
191,presente,44.42,False,0.0,False,Sesion_6
192,presente,18.83,False,0.0,False,Sesion_6
193,presente,26.86,False,0.0,False,Sesion_6
194,presente,41.63,False,0.0,False,Sesion_6
195,presente,30.47,False,0.0,False,Sesion_6
196,presente,38.46,False,0.0,False,Sesion_6
197,presente,39.04,False,0.0,False,Sesion_6
198,ausente,0.0,False,0.0,False,Sesion_6
199,presente,40.23,False,0.0,False,Sesion_6
199,presente,42.11,False,0.0,True,Sesion_6
200,presente,41.82,False,0.0,False,Sesion_6
201,presente,46.72,False,0.0,False,Sesion_6
202,presente,25.69,False,0.0,False,Sesion_6
203,presente,44.03,False,0.0,False,Sesion_6
204,presente,45.26,False,0.0,False,Sesion_6
205,presente,39.92,False,0.0,False,Sesion_6
206,presente,29.46,False,0.0,False,Sesion_6
207,presente,40.08,False,0.0,False,Sesion_6
208,presente,34.85,False,0.0,False,Sesion_6
209,tardanza,43.35,False,0.0,False,Sesion_6
210,tardanza,18.74,False,0.0,False,Sesion_6
211,tardanza,20.95,True,60.0,False,Sesion_6
212,presente,39.79,False,0.0,False,Sesion_6
213,presente,33.43,False,0.0,False,Sesion_6
214,ausente,0.0,False,0.0,False,Sesion_6
215,presente,38.89,True,60.0,False,Sesion_6
216,presente,31.83,True,60.0,False,Sesion_6
217,presente,37.99,False,0.0,False,Sesion_6
217,presente,39.21,False,0.0,True,Sesion_6
218,ausente,0.0,False,0.0,False,Sesion_6
219,presente,32.05,False,0.0,False,Sesion_6
220,presente,50.2,False,0.0,False,Sesion_6
221,presente,23.7,False,0.0,False,Sesion_6
222,ausente,0.0,False,0.0,False,Sesion_6
223,presente,32.53,False,0.0,False,Sesion_6
224,presente,15.11,False,0.0,False,Sesion_6
225,presente,25.02,True,60.0,False,Sesion_6
226,tardanza,31.57,False,0.0,False,Sesion_6
227,presente,45.0,False,0.0,False,Sesion_6
228,presente,37.53,True,60.0,False,Sesion_6
229,tardanza,37.28,False,0.0,False,Sesion_6
230,presente,46.78,True,60.0,False,Sesion_6
231,presente,42.76,False,0.0,False,Sesion_6
232,presente,44.37,False,0.0,False,Sesion_6
233,presente,32.41,False,0.0,False,Sesion_6
234,presente,22.44,False,0.0,False,Sesion_6
235,presente,39.07,False,0.0,False,Sesion_6
236,presente,33.64,False,0.0,False,Sesion_6
237,presente,51.22,False,0.0,False,Sesion_6
238,presente,37.99,False,0.0,False,Sesion_6
239,presente,53.97,False,0.0,False,Sesion_6
240,presente,34.64,False,0.0,False,Sesion_6
241,tardanza,36.76,False,0.0,False,Sesion_6
242,tardanza,64.12,False,0.0,False,Sesion_6
243,ausente,0.0,False,0.0,False,Sesion_6
244,tardanza,35.53,False,0.0,False,Sesion_6
245,presente,32.47,False,0.0,False,Sesion_6
246,tardanza,24.89,True,60.0,False,Sesion_6
247,ausente,0.0,False,0.0,False,Sesion_6
248,presente,24.93,False,0.0,False,Sesion_6
249,tardanza,20.82,False,0.0,False,Sesion_6
250,ausente,0.0,False,0.0,False,Sesion_6
251,ausente,0.0,False,0.0,False,Sesion_6
252,ausente,0.0,False,0.0,False,Sesion_6
253,presente,44.69,False,0.0,False,Sesion_6
254,presente,49.4,False,0.0,False,Sesion_6
255,tardanza,26.77,False,0.0,False,Sesion_6
256,ausente,0.0,False,0.0,False,Sesion_6
257,tardanza,29.07,False,0.0,False,Sesion_6
257,tardanza,33.69,False,0.0,True,Sesion_6
258,tardanza,37.2,False,0.0,False,Sesion_6
259,presente,28.35,False,0.0,False,Sesion_6
260,presente,38.9,False,0.0,False,Sesion_6
1,presente,26.4,False,0.0,False,Sesion_7
2,presente,34.14,False,0.0,False,Sesion_7
3,tardanza,27.32,False,0.0,False,Sesion_7
4,presente,35.3,False,0.0,False,Sesion_7
5,presente,33.16,False,0.0,False,Sesion_7
6,ausente,0.0,False,0.0,False,Sesion_7
7,presente,25.53,True,60.0,False,Sesion_7
8,tardanza,49.74,False,0.0,False,Sesion_7
9,presente,43.09,False,0.0,False,Sesion_7
10,presente,31.33,False,0.0,False,Sesion_7
11,presente,32.14,False,0.0,False,Sesion_7
12,presente,20.55,False,0.0,False,Sesion_7
13,presente,40.52,False,0.0,False,Sesion_7
14,ausente,0.0,False,0.0,False,Sesion_7
15,presente,37.63,True,60.0,False,Sesion_7
16,presente,32.23,False,0.0,False,Sesion_7
17,presente,24.73,False,0.0,False,Sesion_7
18,presente,26.66,False,0.0,False,Sesion_7
19,presente,50.16,False,0.0,False,Sesion_7
20,presente,21.68,False,0.0,False,Sesion_7
21,presente,42.62,False,0.0,False,Sesion_7
22,tardanza,25.66,True,60.0,False,Sesion_7
23,presente,33.91,True,60.0,False,Sesion_7
24,presente,34.85,False,0.0,False,Sesion_7
25,presente,45.43,False,0.0,False,Sesion_7
26,presente,32.43,False,0.0,False,Sesion_7
27,presente,46.77,False,0.0,False,Sesion_7
28,presente,29.75,False,0.0,False,Sesion_7
29,presente,25.52,False,0.0,False,Sesion_7
30,presente,39.4,False,0.0,False,Sesion_7
31,presente,42.12,False,0.0,False,Sesion_7
32,presente,30.35,False,0.0,False,Sesion_7
33,presente,31.53,False,0.0,False,Sesion_7
34,presente,55.87,False,0.0,False,Sesion_7
35,presente,35.71,False,0.0,False,Sesion_7
36,presente,21.37,False,0.0,False,Sesion_7
37,presente,45.06,False,0.0,False,Sesion_7
38,ausente,0.0,False,0.0,False,Sesion_7
39,tardanza,42.92,False,0.0,False,Sesion_7
40,ausente,0.0,False,0.0,False,Sesion_7
41,tardanza,15.77,False,0.0,False,Sesion_7
42,tardanza,42.8,False,0.0,False,Sesion_7
43,presente,41.76,False,0.0,False,Sesion_7
44,tardanza,50.6,False,0.0,False,Sesion_7
45,presente,42.92,False,0.0,False,Sesion_7
46,presente,46.35,False,0.0,False,Sesion_7
47,tardanza,17.21,False,0.0,False,Sesion_7
48,presente,24.66,False,0.0,False,Sesion_7
49,presente,32.41,False,0.0,False,Sesion_7
50,presente,37.8,True,60.0,False,Sesion_7
51,tardanza,54.41,False,0.0,False,Sesion_7
52,ausente,0.0,False,0.0,False,Sesion_7
53,presente,26.79,False,0.0,False,Sesion_7
54,tardanza,29.59,False,0.0,False,Sesion_7
55,presente,37.52,False,0.0,False,Sesion_7
56,tardanza,25.94,True,60.0,False,Sesion_7
57,presente,38.67,False,0.0,False,Sesion_7
58,presente,35.44,False,0.0,False,Sesion_7
59,presente,29.2,False,0.0,False,Sesion_7
60,presente,32.71,False,0.0,False,Sesion_7
61,tardanza,38.49,False,0.0,False,Sesion_7
62,presente,32.41,False,0.0,False,Sesion_7
63,presente,34.34,False,0.0,False,Sesion_7
64,presente,30.62,True,60.0,False,Sesion_7
64,presente,31.96,True,60.0,True,Sesion_7
65,presente,37.76,False,0.0,False,Sesion_7
66,ausente,0.0,False,0.0,False,Sesion_7
67,tardanza,52.03,False,0.0,False,Sesion_7
68,tardanza,39.78,False,0.0,False,Sesion_7
69,presente,39.42,False,0.0,False,Sesion_7
70,presente,34.25,False,0.0,False,Sesion_7
71,tardanza,48.79,True,60.0,False,Sesion_7
72,presente,20.96,False,0.0,False,Sesion_7
72,presente,23.17,False,0.0,True,Sesion_7
73,presente,29.0,False,0.0,False,Sesion_7
74,presente,36.06,False,0.0,False,Sesion_7
75,presente,7.95,False,0.0,False,Sesion_7
76,presente,29.8,False,0.0,False,Sesion_7
77,tardanza,23.93,False,0.0,False,Sesion_7
78,tardanza,26.56,False,0.0,False,Sesion_7
79,presente,41.9,False,0.0,False,Sesion_7
80,presente,42.1,False,0.0,False,Sesion_7
81,presente,31.42,False,0.0,False,Sesion_7
82,presente,30.31,False,0.0,False,Sesion_7
83,presente,26.83,False,0.0,False,Sesion_7
84,presente,39.04,True,60.0,False,Sesion_7
85,presente,22.86,True,60.0,False,Sesion_7
86,presente,32.89,True,60.0,False,Sesion_7
87,tardanza,40.29,False,0.0,False,Sesion_7
88,tardanza,39.76,False,0.0,False,Sesion_7
89,presente,23.22,False,0.0,False,Sesion_7
90,tardanza,52.66,False,0.0,False,Sesion_7
91,presente,29.85,False,0.0,False,Sesion_7
92,presente,38.91,False,0.0,False,Sesion_7
93,tardanza,39.59,False,0.0,False,Sesion_7
94,tardanza,46.46,False,0.0,False,Sesion_7
95,presente,17.17,False,0.0,False,Sesion_7
96,presente,39.56,False,0.0,False,Sesion_7
97,presente,34.29,False,0.0,False,Sesion_7
98,presente,21.5,False,0.0,False,Sesion_7
99,tardanza,38.51,False,0.0,False,Sesion_7
100,presente,37.32,False,0.0,False,Sesion_7
101,presente,35.34,False,0.0,False,Sesion_7
102,presente,30.67,False,0.0,False,Sesion_7
103,tardanza,44.28,True,60.0,False,Sesion_7
104,tardanza,27.04,False,0.0,False,Sesion_7
105,tardanza,29.72,False,0.0,False,Sesion_7
106,presente,34.04,False,0.0,False,Sesion_7
107,presente,44.9,False,0.0,False,Sesion_7
108,presente,31.26,False,0.0,False,Sesion_7
109,presente,29.27,False,0.0,False,Sesion_7
110,presente,41.04,False,0.0,False,Sesion_7
111,presente,35.31,False,0.0,False,Sesion_7
112,presente,37.87,True,60.0,False,Sesion_7
113,presente,36.4,False,0.0,False,Sesion_7
114,presente,28.85,False,0.0,False,Sesion_7
115,presente,30.48,False,0.0,False,Sesion_7
116,ausente,0.0,False,0.0,False,Sesion_7
117,tardanza,23.26,False,0.0,False,Sesion_7
118,presente,28.67,False,0.0,False,Sesion_7
119,presente,46.66,True,60.0,False,Sesion_7
120,presente,28.34,False,0.0,False,Sesion_7
121,presente,26.29,False,0.0,False,Sesion_7
122,presente,31.54,False,0.0,False,Sesion_7
123,presente,41.38,False,0.0,False,Sesion_7
124,presente,26.33,False,0.0,False,Sesion_7
125,presente,25.62,False,0.0,False,Sesion_7
126,presente,48.36,True,60.0,False,Sesion_7
127,presente,13.99,False,0.0,False,Sesion_7
128,presente,34.34,False,0.0,False,Sesion_7
129,presente,20.06,False,0.0,False,Sesion_7
130,presente,26.96,False,0.0,False,Sesion_7
131,tardanza,34.07,False,0.0,False,Sesion_7
132,presente,52.93,False,0.0,False,Sesion_7
132,presente,57.42,False,0.0,True,Sesion_7
133,presente,18.33,False,0.0,False,Sesion_7
134,presente,28.23,False,0.0,False,Sesion_7
135,presente,43.01,False,0.0,False,Sesion_7
136,presente,16.84,False,0.0,False,Sesion_7
137,tardanza,35.12,False,0.0,False,Sesion_7
138,presente,38.3,False,0.0,False,Sesion_7
139,presente,25.94,False,0.0,False,Sesion_7
140,presente,28.46,False,0.0,False,Sesion_7
141,tardanza,34.15,False,0.0,False,Sesion_7
142,ausente,0.0,False,0.0,False,Sesion_7
143,presente,44.16,False,0.0,False,Sesion_7
144,tardanza,31.73,False,0.0,False,Sesion_7
145,presente,45.52,False,0.0,False,Sesion_7
146,presente,20.02,False,0.0,False,Sesion_7
147,tardanza,17.42,False,0.0,False,Sesion_7
148,presente,28.79,True,60.0,False,Sesion_7
149,presente,30.14,False,0.0,False,Sesion_7
150,tardanza,29.05,False,0.0,False,Sesion_7
151,presente,34.43,False,0.0,False,Sesion_7
152,presente,16.31,False,0.0,False,Sesion_7
153,presente,41.67,False,0.0,False,Sesion_7
154,ausente,0.0,False,0.0,False,Sesion_7
155,ausente,0.0,False,0.0,False,Sesion_7
156,presente,27.98,False,0.0,False,Sesion_7
157,presente,39.89,True,60.0,False,Sesion_7
158,tardanza,15.93,False,0.0,False,Sesion_7
159,tardanza,33.62,False,0.0,False,Sesion_7
160,presente,41.69,False,0.0,False,Sesion_7
161,presente,26.31,False,0.0,False,Sesion_7
162,tardanza,30.24,False,0.0,False,Sesion_7
163,presente,39.85,False,0.0,False,Sesion_7
164,ausente,0.0,False,0.0,False,Sesion_7
165,presente,38.85,False,0.0,False,Sesion_7
166,presente,52.26,False,0.0,False,Sesion_7
167,presente,41.82,False,0.0,False,Sesion_7
168,ausente,0.0,False,0.0,False,Sesion_7
169,ausente,0.0,False,0.0,False,Sesion_7
170,presente,32.23,False,0.0,False,Sesion_7
171,presente,28.47,False,0.0,False,Sesion_7
172,presente,21.32,False,0.0,False,Sesion_7
173,tardanza,40.28,False,0.0,False,Sesion_7
174,presente,31.24,False,0.0,False,Sesion_7
175,ausente,0.0,False,0.0,False,Sesion_7
176,tardanza,24.14,False,0.0,False,Sesion_7
177,presente,37.96,True,60.0,False,Sesion_7
178,presente,18.37,False,0.0,False,Sesion_7
179,presente,33.61,False,0.0,False,Sesion_7
180,presente,18.71,False,0.0,False,Sesion_7
181,presente,24.45,True,60.0,False,Sesion_7
182,presente,39.03,False,0.0,False,Sesion_7
183,tardanza,27.45,False,0.0,False,Sesion_7
184,presente,33.75,False,0.0,False,Sesion_7
185,presente,27.52,False,0.0,False,Sesion_7
186,presente,31.67,False,0.0,False,Sesion_7
187,presente,22.96,False,0.0,False,Sesion_7
188,presente,47.29,False,0.0,False,Sesion_7
189,presente,39.72,False,0.0,False,Sesion_7
190,presente,27.46,False,0.0,False,Sesion_7
191,presente,31.57,False,0.0,False,Sesion_7
192,presente,37.1,False,0.0,False,Sesion_7
193,ausente,0.0,False,0.0,False,Sesion_7
194,presente,28.89,False,0.0,False,Sesion_7
195,presente,37.66,True,60.0,False,Sesion_7
196,presente,40.17,False,0.0,False,Sesion_7
197,tardanza,24.67,False,0.0,False,Sesion_7
198,ausente,0.0,False,0.0,False,Sesion_7
199,presente,38.26,False,0.0,False,Sesion_7
200,ausente,0.0,False,0.0,False,Sesion_7
201,presente,34.8,False,0.0,False,Sesion_7
202,presente,32.92,False,0.0,False,Sesion_7
203,presente,19.85,False,0.0,False,Sesion_7
203,presente,24.76,False,0.0,True,Sesion_7
204,presente,30.02,False,0.0,False,Sesion_7
205,presente,50.67,False,0.0,False,Sesion_7
206,presente,37.42,False,0.0,False,Sesion_7
207,presente,41.14,False,0.0,False,Sesion_7
208,presente,39.91,False,0.0,False,Sesion_7
209,ausente,0.0,False,0.0,False,Sesion_7
210,ausente,0.0,False,0.0,False,Sesion_7
211,presente,29.82,False,0.0,False,Sesion_7
212,presente,40.64,True,60.0,False,Sesion_7
213,presente,35.31,False,0.0,False,Sesion_7
214,presente,10.64,False,0.0,False,Sesion_7
215,presente,40.15,False,0.0,False,Sesion_7
216,presente,42.31,True,60.0,False,Sesion_7
217,presente,48.45,False,0.0,False,Sesion_7
218,presente,23.95,False,0.0,False,Sesion_7
219,ausente,0.0,False,0.0,False,Sesion_7
220,presente,29.81,True,60.0,False,Sesion_7
221,tardanza,28.87,False,0.0,False,Sesion_7
222,presente,32.67,True,60.0,False,Sesion_7
223,presente,22.63,False,0.0,False,Sesion_7
224,presente,33.45,True,60.0,False,Sesion_7
225,presente,39.87,False,0.0,False,Sesion_7
226,tardanza,40.09,False,0.0,False,Sesion_7
227,presente,53.33,True,60.0,False,Sesion_7
228,presente,35.54,False,0.0,False,Sesion_7
229,tardanza,17.59,True,60.0,False,Sesion_7
230,presente,42.08,False,0.0,False,Sesion_7
231,presente,47.79,False,0.0,False,Sesion_7
232,ausente,0.0,False,0.0,False,Sesion_7
233,ausente,0.0,False,0.0,False,Sesion_7
234,presente,25.1,False,0.0,False,Sesion_7
235,presente,29.26,False,0.0,False,Sesion_7
236,presente,39.34,False,0.0,False,Sesion_7
237,presente,46.87,False,0.0,False,Sesion_7
238,presente,31.6,False,0.0,False,Sesion_7
239,presente,52.34,False,0.0,False,Sesion_7
240,presente,40.18,False,0.0,False,Sesion_7
241,ausente,0.0,False,0.0,False,Sesion_7
242,presente,41.23,False,0.0,False,Sesion_7
243,presente,28.56,False,0.0,False,Sesion_7
244,presente,35.48,False,0.0,False,Sesion_7
245,ausente,0.0,False,0.0,False,Sesion_7
246,presente,46.82,False,0.0,False,Sesion_7
247,presente,41.95,False,0.0,False,Sesion_7
248,tardanza,32.55,False,0.0,False,Sesion_7
249,presente,38.11,False,0.0,False,Sesion_7
250,presente,49.26,False,0.0,False,Sesion_7
251,presente,31.26,False,0.0,False,Sesion_7
252,presente,40.08,False,0.0,False,Sesion_7
253,presente,49.28,False,0.0,False,Sesion_7
254,presente,21.9,False,0.0,False,Sesion_7
255,presente,36.86,True,60.0,False,Sesion_7
256,presente,28.29,False,0.0,False,Sesion_7
257,tardanza,29.07,False,0.0,False,Sesion_7
258,presente,39.14,False,0.0,False,Sesion_7
259,presente,57.08,True,60.0,False,Sesion_7
260,presente,51.72,False,0.0,False,Sesion_7
1,presente,35.02,False,0.0,False,Sesion_8
2,presente,34.64,True,60.0,False,Sesion_8
3,presente,34.97,False,0.0,False,Sesion_8
4,presente,44.73,True,60.0,False,Sesion_8
5,presente,49.42,False,0.0,False,Sesion_8
6,presente,36.52,False,0.0,False,Sesion_8
7,presente,13.53,False,0.0,False,Sesion_8
8,ausente,0.0,False,0.0,False,Sesion_8
9,tardanza,31.21,False,0.0,False,Sesion_8
10,presente,41.02,True,60.0,False,Sesion_8
11,tardanza,31.67,True,60.0,False,Sesion_8
12,presente,23.87,False,0.0,False,Sesion_8
13,presente,36.97,False,0.0,False,Sesion_8
14,presente,36.99,False,0.0,False,Sesion_8
15,presente,29.23,False,0.0,False,Sesion_8
16,ausente,0.0,False,0.0,False,Sesion_8
17,presente,42.71,False,0.0,False,Sesion_8
18,presente,30.82,False,0.0,False,Sesion_8
19,tardanza,46.29,False,0.0,False,Sesion_8
20,presente,23.73,False,0.0,False,Sesion_8
21,presente,38.13,False,0.0,False,Sesion_8
22,tardanza,44.63,False,0.0,False,Sesion_8
23,ausente,0.0,False,0.0,False,Sesion_8
24,tardanza,38.54,False,0.0,False,Sesion_8
25,presente,28.59,False,0.0,False,Sesion_8
26,presente,35.74,False,0.0,False,Sesion_8
27,presente,42.19,False,0.0,False,Sesion_8
28,tardanza,32.84,False,0.0,False,Sesion_8
29,presente,32.91,False,0.0,False,Sesion_8
30,presente,27.15,False,0.0,False,Sesion_8
31,presente,41.39,False,0.0,False,Sesion_8
32,presente,20.13,False,0.0,False,Sesion_8
33,presente,37.25,False,0.0,False,Sesion_8
34,presente,46.86,False,0.0,False,Sesion_8
35,presente,31.41,False,0.0,False,Sesion_8
36,presente,37.81,False,0.0,False,Sesion_8
37,presente,32.61,False,0.0,False,Sesion_8
38,tardanza,36.39,True,60.0,False,Sesion_8
39,presente,32.09,False,0.0,False,Sesion_8
40,presente,28.07,False,0.0,False,Sesion_8
41,presente,37.72,True,60.0,False,Sesion_8
42,presente,48.92,False,0.0,False,Sesion_8
43,presente,43.47,False,0.0,False,Sesion_8
44,presente,41.25,False,0.0,False,Sesion_8
45,presente,23.35,False,0.0,False,Sesion_8
45,presente,26.45,False,0.0,True,Sesion_8
46,presente,30.39,False,0.0,False,Sesion_8
47,tardanza,35.78,True,60.0,False,Sesion_8
48,presente,41.46,False,0.0,False,Sesion_8
49,tardanza,40.46,False,0.0,False,Sesion_8
50,ausente,0.0,False,0.0,False,Sesion_8
51,tardanza,39.25,False,0.0,False,Sesion_8
52,presente,30.94,True,60.0,False,Sesion_8
53,tardanza,32.08,False,0.0,False,Sesion_8
54,presente,30.44,False,0.0,False,Sesion_8
55,presente,43.17,False,0.0,False,Sesion_8
56,tardanza,23.83,False,0.0,False,Sesion_8
57,presente,41.59,False,0.0,False,Sesion_8
58,presente,28.76,False,0.0,False,Sesion_8
59,presente,34.18,True,60.0,False,Sesion_8
60,presente,42.66,False,0.0,False,Sesion_8
61,presente,29.24,False,0.0,False,Sesion_8
62,presente,28.56,False,0.0,False,Sesion_8
63,presente,37.76,False,0.0,False,Sesion_8
64,ausente,0.0,False,0.0,False,Sesion_8
65,tardanza,40.57,False,0.0,False,Sesion_8
66,presente,31.76,False,0.0,False,Sesion_8
67,presente,43.87,True,60.0,False,Sesion_8
68,ausente,0.0,False,0.0,False,Sesion_8
69,presente,11.82,False,0.0,False,Sesion_8
70,presente,24.97,False,0.0,False,Sesion_8
71,presente,40.59,False,0.0,False,Sesion_8
72,presente,24.06,False,0.0,False,Sesion_8
73,presente,18.55,False,0.0,False,Sesion_8
74,ausente,0.0,False,0.0,False,Sesion_8
75,presente,38.24,False,0.0,False,Sesion_8
76,presente,30.67,True,60.0,False,Sesion_8
77,presente,45.49,False,0.0,False,Sesion_8
78,tardanza,29.28,False,0.0,False,Sesion_8
79,presente,32.81,False,0.0,False,Sesion_8
80,presente,38.81,False,0.0,False,Sesion_8
81,tardanza,45.77,False,0.0,False,Sesion_8
82,presente,13.57,True,60.0,False,Sesion_8
83,ausente,0.0,False,0.0,False,Sesion_8
84,ausente,0.0,False,0.0,False,Sesion_8
85,presente,44.93,False,0.0,False,Sesion_8
86,tardanza,33.96,False,0.0,False,Sesion_8
87,presente,39.16,False,0.0,False,Sesion_8
88,tardanza,40.46,False,0.0,False,Sesion_8
89,ausente,0.0,False,0.0,False,Sesion_8
90,presente,38.69,False,0.0,False,Sesion_8
91,presente,38.88,False,0.0,False,Sesion_8
92,presente,32.28,False,0.0,False,Sesion_8
93,presente,41.6,False,0.0,False,Sesion_8
94,tardanza,46.14,False,0.0,False,Sesion_8
95,tardanza,44.11,False,0.0,False,Sesion_8
96,presente,35.91,False,0.0,False,Sesion_8
97,presente,53.1,True,60.0,False,Sesion_8
98,ausente,0.0,False,0.0,False,Sesion_8
99,presente,25.59,False,0.0,False,Sesion_8
100,presente,28.36,False,0.0,False,Sesion_8
101,presente,32.03,True,60.0,False,Sesion_8
102,presente,17.73,False,0.0,False,Sesion_8
103,tardanza,24.45,False,0.0,False,Sesion_8
104,presente,35.19,False,0.0,False,Sesion_8
105,tardanza,30.81,False,0.0,False,Sesion_8
106,presente,42.03,False,0.0,False,Sesion_8
107,presente,41.15,False,0.0,False,Sesion_8
108,tardanza,33.33,False,0.0,False,Sesion_8
109,presente,23.74,False,0.0,False,Sesion_8
110,tardanza,22.01,False,0.0,False,Sesion_8
111,presente,34.71,False,0.0,False,Sesion_8
112,presente,42.34,False,0.0,False,Sesion_8
113,ausente,0.0,False,0.0,False,Sesion_8
114,tardanza,31.42,False,0.0,False,Sesion_8
115,presente,33.15,False,0.0,False,Sesion_8
116,presente,23.88,False,0.0,False,Sesion_8
117,presente,28.33,False,0.0,False,Sesion_8
118,presente,36.32,False,0.0,False,Sesion_8
119,presente,25.91,False,0.0,False,Sesion_8
120,ausente,0.0,False,0.0,False,Sesion_8
121,presente,38.98,True,60.0,False,Sesion_8
122,presente,27.95,False,0.0,False,Sesion_8
123,tardanza,38.79,False,0.0,False,Sesion_8
124,presente,35.0,False,0.0,False,Sesion_8
125,presente,32.82,False,0.0,False,Sesion_8
126,tardanza,18.61,False,0.0,False,Sesion_8
127,presente,31.94,False,0.0,False,Sesion_8
128,presente,26.46,False,0.0,False,Sesion_8
129,presente,47.55,False,0.0,False,Sesion_8
130,ausente,0.0,False,0.0,False,Sesion_8
131,ausente,0.0,False,0.0,False,Sesion_8
132,presente,57.29,False,0.0,False,Sesion_8
133,presente,40.96,False,0.0,False,Sesion_8
134,presente,35.34,False,0.0,False,Sesion_8
135,presente,37.49,False,0.0,False,Sesion_8
136,presente,39.55,False,0.0,False,Sesion_8
137,presente,10.8,False,0.0,False,Sesion_8
138,presente,40.99,False,0.0,False,Sesion_8
139,tardanza,33.65,True,60.0,False,Sesion_8
140,ausente,0.0,False,0.0,False,Sesion_8
141,presente,40.68,False,0.0,False,Sesion_8
142,presente,40.29,False,0.0,False,Sesion_8
143,presente,35.46,False,0.0,False,Sesion_8
144,presente,39.11,False,0.0,False,Sesion_8
145,presente,44.11,False,0.0,False,Sesion_8
146,presente,48.8,False,0.0,False,Sesion_8
147,presente,38.26,True,60.0,False,Sesion_8
148,tardanza,31.2,False,0.0,False,Sesion_8
149,presente,20.1,False,0.0,False,Sesion_8
150,presente,46.86,False,0.0,False,Sesion_8
151,tardanza,30.69,False,0.0,False,Sesion_8
152,presente,43.35,False,0.0,False,Sesion_8
153,presente,34.06,False,0.0,False,Sesion_8
154,presente,39.18,False,0.0,False,Sesion_8
155,presente,38.16,False,0.0,False,Sesion_8
156,presente,43.8,True,60.0,False,Sesion_8
157,presente,37.76,False,0.0,False,Sesion_8
158,ausente,0.0,False,0.0,False,Sesion_8
159,presente,34.58,False,0.0,False,Sesion_8
160,presente,39.75,False,0.0,False,Sesion_8
161,presente,39.35,False,0.0,False,Sesion_8
162,presente,39.82,False,0.0,False,Sesion_8
163,presente,30.08,False,0.0,False,Sesion_8
164,presente,43.15,False,0.0,False,Sesion_8
165,ausente,0.0,False,0.0,False,Sesion_8
166,presente,35.0,False,0.0,False,Sesion_8
167,presente,35.84,False,0.0,False,Sesion_8
168,ausente,0.0,False,0.0,False,Sesion_8
169,presente,40.57,False,0.0,False,Sesion_8
170,presente,24.54,False,0.0,False,Sesion_8
171,tardanza,39.25,False,0.0,False,Sesion_8
172,presente,32.68,False,0.0,False,Sesion_8
173,ausente,0.0,False,0.0,False,Sesion_8
174,presente,26.35,False,0.0,False,Sesion_8
175,presente,37.38,False,0.0,False,Sesion_8
176,tardanza,42.74,False,0.0,False,Sesion_8
177,presente,28.2,False,0.0,False,Sesion_8
178,presente,31.58,False,0.0,False,Sesion_8
179,presente,29.32,True,60.0,False,Sesion_8
179,presente,34.02,True,60.0,True,Sesion_8
180,presente,34.85,False,0.0,False,Sesion_8
181,presente,34.19,False,0.0,False,Sesion_8
182,tardanza,36.06,False,0.0,False,Sesion_8
183,tardanza,42.13,False,0.0,False,Sesion_8
184,presente,28.26,False,0.0,False,Sesion_8
185,presente,27.16,False,0.0,False,Sesion_8
186,presente,33.6,False,0.0,False,Sesion_8
187,tardanza,24.25,False,0.0,False,Sesion_8
188,tardanza,22.68,False,0.0,False,Sesion_8
189,presente,41.16,False,0.0,False,Sesion_8
190,presente,36.29,False,0.0,False,Sesion_8
191,presente,47.96,False,0.0,False,Sesion_8
192,presente,36.35,False,0.0,False,Sesion_8
193,presente,26.81,False,0.0,False,Sesion_8
194,presente,33.46,False,0.0,False,Sesion_8
195,presente,45.55,False,0.0,False,Sesion_8
196,presente,29.21,False,0.0,False,Sesion_8
197,presente,35.73,False,0.0,False,Sesion_8
198,presente,39.24,True,60.0,False,Sesion_8
199,presente,52.23,False,0.0,False,Sesion_8
200,presente,36.35,False,0.0,False,Sesion_8
201,presente,45.56,False,0.0,False,Sesion_8
202,presente,40.34,False,0.0,False,Sesion_8
203,presente,37.21,False,0.0,False,Sesion_8
204,presente,27.63,False,0.0,False,Sesion_8
205,presente,41.99,False,0.0,False,Sesion_8
206,presente,35.54,False,0.0,False,Sesion_8
206,presente,38.54,False,0.0,True,Sesion_8
207,tardanza,25.19,False,0.0,False,Sesion_8
208,presente,39.7,True,60.0,False,Sesion_8
209,presente,38.32,False,0.0,False,Sesion_8
210,presente,39.81,False,0.0,False,Sesion_8
211,presente,44.44,False,0.0,False,Sesion_8
212,presente,21.06,False,0.0,False,Sesion_8
213,presente,45.95,False,0.0,False,Sesion_8
214,ausente,0.0,False,0.0,False,Sesion_8
215,ausente,0.0,False,0.0,False,Sesion_8
216,presente,36.34,False,0.0,False,Sesion_8
216,presente,38.14,False,0.0,True,Sesion_8
217,presente,49.09,False,0.0,False,Sesion_8
218,ausente,0.0,False,0.0,False,Sesion_8
219,presente,40.44,False,0.0,False,Sesion_8
220,ausente,0.0,False,0.0,False,Sesion_8
221,presente,32.7,False,0.0,False,Sesion_8
222,tardanza,17.13,False,0.0,False,Sesion_8
223,presente,19.87,False,0.0,False,Sesion_8
224,presente,42.13,False,0.0,False,Sesion_8
225,presente,33.24,False,0.0,False,Sesion_8
226,presente,57.45,False,0.0,False,Sesion_8
227,presente,40.34,False,0.0,False,Sesion_8
228,presente,34.4,True,60.0,False,Sesion_8
229,presente,42.44,False,0.0,False,Sesion_8
230,tardanza,44.97,False,0.0,False,Sesion_8
231,presente,34.86,False,0.0,False,Sesion_8
232,presente,35.79,False,0.0,False,Sesion_8
233,tardanza,34.22,False,0.0,False,Sesion_8
234,presente,37.2,False,0.0,False,Sesion_8
235,ausente,0.0,False,0.0,False,Sesion_8
236,presente,28.7,False,0.0,False,Sesion_8
237,presente,34.12,False,0.0,False,Sesion_8
238,presente,47.93,False,0.0,False,Sesion_8
239,presente,29.38,False,0.0,False,Sesion_8
240,presente,44.18,False,0.0,False,Sesion_8
241,presente,31.42,False,0.0,False,Sesion_8
242,presente,24.13,False,0.0,False,Sesion_8
243,presente,30.71,True,60.0,False,Sesion_8
244,presente,44.44,False,0.0,False,Sesion_8
245,tardanza,47.46,False,0.0,False,Sesion_8
246,presente,27.61,False,0.0,False,Sesion_8
247,presente,46.52,False,0.0,False,Sesion_8
248,ausente,0.0,False,0.0,False,Sesion_8
249,presente,37.54,False,0.0,False,Sesion_8
250,presente,37.14,False,0.0,False,Sesion_8
251,presente,18.33,False,0.0,False,Sesion_8
252,presente,40.9,False,0.0,False,Sesion_8
253,presente,46.99,False,0.0,False,Sesion_8
254,presente,30.25,False,0.0,False,Sesion_8
255,ausente,0.0,False,0.0,False,Sesion_8
256,tardanza,32.41,False,0.0,False,Sesion_8
257,presente,28.6,False,0.0,False,Sesion_8
258,presente,31.44,False,0.0,False,Sesion_8
259,presente,28.1,False,0.0,False,Sesion_8
260,presente,37.02,False,0.0,False,Sesion_8
1,presente,52.78,False,0.0,False,Sesion_9
2,presente,52.42,False,0.0,False,Sesion_9
3,ausente,0.0,False,0.0,False,Sesion_9
4,presente,26.03,False,0.0,False,Sesion_9
5,presente,49.89,False,0.0,False,Sesion_9
6,tardanza,26.95,False,0.0,False,Sesion_9
7,tardanza,37.71,False,0.0,False,Sesion_9
8,ausente,0.0,False,0.0,False,Sesion_9
9,tardanza,43.79,False,0.0,False,Sesion_9
10,presente,41.13,False,0.0,False,Sesion_9
11,tardanza,29.34,False,0.0,False,Sesion_9
12,tardanza,34.69,True,60.0,False,Sesion_9
13,presente,43.04,False,0.0,False,Sesion_9
14,presente,39.71,False,0.0,False,Sesion_9
15,presente,45.47,False,0.0,False,Sesion_9
16,presente,27.23,False,0.0,False,Sesion_9
17,ausente,0.0,False,0.0,False,Sesion_9
18,presente,39.9,False,0.0,False,Sesion_9
19,presente,41.53,False,0.0,False,Sesion_9
20,presente,46.39,False,0.0,False,Sesion_9
21,presente,29.88,False,0.0,False,Sesion_9
22,ausente,0.0,False,0.0,False,Sesion_9
23,presente,39.26,False,0.0,False,Sesion_9
24,presente,42.36,False,0.0,False,Sesion_9
25,tardanza,26.94,True,60.0,False,Sesion_9
26,presente,22.8,False,0.0,False,Sesion_9
27,presente,44.02,False,0.0,False,Sesion_9
28,presente,30.82,False,0.0,False,Sesion_9
29,tardanza,24.08,False,0.0,False,Sesion_9
30,tardanza,35.18,False,0.0,False,Sesion_9
31,presente,28.43,False,0.0,False,Sesion_9
32,presente,27.95,False,0.0,False,Sesion_9
33,presente,30.34,False,0.0,False,Sesion_9
34,presente,42.37,False,0.0,False,Sesion_9
35,presente,42.89,False,0.0,False,Sesion_9
36,presente,47.29,True,60.0,False,Sesion_9
37,presente,44.31,True,60.0,False,Sesion_9
38,ausente,0.0,False,0.0,False,Sesion_9
39,presente,40.94,False,0.0,False,Sesion_9
40,presente,27.81,False,0.0,False,Sesion_9
41,presente,39.83,False,0.0,False,Sesion_9
42,presente,36.53,False,0.0,False,Sesion_9
43,presente,44.7,True,60.0,False,Sesion_9
44,presente,29.71,False,0.0,False,Sesion_9
45,presente,32.42,False,0.0,False,Sesion_9
46,ausente,0.0,False,0.0,False,Sesion_9
47,presente,25.89,False,0.0,False,Sesion_9
48,presente,38.15,False,0.0,False,Sesion_9
49,presente,33.16,False,0.0,False,Sesion_9
50,presente,44.72,False,0.0,False,Sesion_9
51,presente,40.57,False,0.0,False,Sesion_9
52,presente,45.69,False,0.0,False,Sesion_9
53,presente,31.06,False,0.0,False,Sesion_9
54,presente,28.62,False,0.0,False,Sesion_9
55,presente,27.5,False,0.0,False,Sesion_9
56,presente,46.88,False,0.0,False,Sesion_9
57,presente,14.34,False,0.0,False,Sesion_9
58,presente,27.26,True,60.0,False,Sesion_9
59,presente,36.16,False,0.0,False,Sesion_9
60,presente,30.0,False,0.0,False,Sesion_9
61,presente,23.18,False,0.0,False,Sesion_9
62,presente,21.95,False,0.0,False,Sesion_9
63,presente,34.22,True,60.0,False,Sesion_9
64,presente,32.21,False,0.0,False,Sesion_9
65,ausente,0.0,False,0.0,False,Sesion_9
66,presente,41.49,False,0.0,False,Sesion_9
67,presente,34.71,False,0.0,False,Sesion_9
68,presente,32.04,False,0.0,False,Sesion_9
69,presente,30.18,False,0.0,False,Sesion_9
70,presente,55.85,False,0.0,False,Sesion_9
71,presente,37.1,False,0.0,False,Sesion_9
72,presente,17.21,False,0.0,False,Sesion_9
73,presente,21.19,False,0.0,False,Sesion_9
74,presente,31.15,True,60.0,False,Sesion_9
75,tardanza,30.94,True,60.0,False,Sesion_9
76,presente,17.75,True,60.0,False,Sesion_9
77,tardanza,34.88,False,0.0,False,Sesion_9
78,presente,34.92,True,60.0,False,Sesion_9
79,ausente,0.0,False,0.0,False,Sesion_9
80,ausente,0.0,False,0.0,False,Sesion_9
81,presente,35.6,True,60.0,False,Sesion_9
82,presente,40.45,True,60.0,False,Sesion_9
83,presente,32.37,False,0.0,False,Sesion_9
84,presente,19.99,False,0.0,False,Sesion_9
85,tardanza,30.89,False,0.0,False,Sesion_9
86,presente,32.12,False,0.0,False,Sesion_9
87,presente,38.9,False,0.0,False,Sesion_9
88,presente,21.81,False,0.0,False,Sesion_9
89,presente,31.82,False,0.0,False,Sesion_9
90,tardanza,31.35,False,0.0,False,Sesion_9
91,presente,42.49,False,0.0,False,Sesion_9
92,presente,21.46,False,0.0,False,Sesion_9
93,presente,36.2,False,0.0,False,Sesion_9
94,presente,39.75,False,0.0,False,Sesion_9
95,ausente,0.0,False,0.0,False,Sesion_9
96,tardanza,16.13,False,0.0,False,Sesion_9
97,presente,34.37,False,0.0,False,Sesion_9
98,presente,37.87,False,0.0,False,Sesion_9
99,tardanza,31.99,False,0.0,False,Sesion_9
100,tardanza,32.54,False,0.0,False,Sesion_9
101,tardanza,43.71,False,0.0,False,Sesion_9
102,presente,53.33,False,0.0,False,Sesion_9
103,presente,24.12,False,0.0,False,Sesion_9
104,tardanza,38.58,False,0.0,False,Sesion_9
105,presente,36.89,True,60.0,False,Sesion_9
106,presente,30.93,False,0.0,False,Sesion_9
107,presente,49.76,False,0.0,False,Sesion_9
108,tardanza,17.49,True,60.0,False,Sesion_9
109,presente,37.32,False,0.0,False,Sesion_9
110,presente,26.41,False,0.0,False,Sesion_9
111,tardanza,47.02,False,0.0,False,Sesion_9
112,presente,30.47,False,0.0,False,Sesion_9
113,presente,47.65,False,0.0,False,Sesion_9
114,tardanza,21.14,False,0.0,False,Sesion_9
115,tardanza,39.41,False,0.0,False,Sesion_9
116,ausente,0.0,False,0.0,False,Sesion_9
117,tardanza,18.46,True,60.0,False,Sesion_9
118,presente,20.06,False,0.0,False,Sesion_9
119,presente,35.61,False,0.0,False,Sesion_9
120,presente,32.96,False,0.0,False,Sesion_9
121,ausente,0.0,False,0.0,False,Sesion_9
122,presente,22.39,True,60.0,False,Sesion_9
123,presente,41.93,False,0.0,False,Sesion_9
124,presente,28.6,False,0.0,False,Sesion_9
125,ausente,0.0,False,0.0,False,Sesion_9
126,ausente,0.0,False,0.0,False,Sesion_9
127,presente,31.77,False,0.0,False,Sesion_9
128,presente,21.41,False,0.0,False,Sesion_9
129,presente,37.75,False,0.0,False,Sesion_9
130,presente,49.22,False,0.0,False,Sesion_9
131,presente,24.56,False,0.0,False,Sesion_9
132,presente,38.05,False,0.0,False,Sesion_9
133,tardanza,25.84,False,0.0,False,Sesion_9
134,presente,28.13,False,0.0,False,Sesion_9
135,presente,33.16,False,0.0,False,Sesion_9
136,presente,28.94,False,0.0,False,Sesion_9
137,presente,28.03,True,60.0,False,Sesion_9
138,presente,28.38,False,0.0,False,Sesion_9
139,presente,26.15,False,0.0,False,Sesion_9
140,presente,43.67,False,0.0,False,Sesion_9
141,presente,30.78,False,0.0,False,Sesion_9
142,tardanza,37.97,False,0.0,False,Sesion_9
143,presente,42.65,False,0.0,False,Sesion_9
144,presente,31.26,False,0.0,False,Sesion_9
145,presente,32.27,False,0.0,False,Sesion_9
146,presente,38.37,False,0.0,False,Sesion_9
147,presente,38.66,False,0.0,False,Sesion_9
148,tardanza,35.57,False,0.0,False,Sesion_9
149,presente,31.98,True,60.0,False,Sesion_9
150,tardanza,15.42,False,0.0,False,Sesion_9
151,presente,42.01,False,0.0,False,Sesion_9
152,presente,38.21,False,0.0,False,Sesion_9
153,presente,38.04,False,0.0,False,Sesion_9
154,presente,31.14,False,0.0,False,Sesion_9
155,presente,30.82,False,0.0,False,Sesion_9
156,presente,36.5,False,0.0,False,Sesion_9
157,presente,17.89,False,0.0,False,Sesion_9
158,presente,42.02,False,0.0,False,Sesion_9
159,presente,38.18,True,60.0,False,Sesion_9
160,presente,30.68,False,0.0,False,Sesion_9
161,presente,44.31,False,0.0,False,Sesion_9
162,presente,23.99,False,0.0,False,Sesion_9
163,presente,26.53,False,0.0,False,Sesion_9
164,presente,18.03,False,0.0,False,Sesion_9
165,presente,28.76,True,60.0,False,Sesion_9
166,tardanza,28.59,False,0.0,False,Sesion_9
167,ausente,0.0,False,0.0,False,Sesion_9
168,presente,55.46,True,60.0,False,Sesion_9
169,presente,29.09,False,0.0,False,Sesion_9
170,tardanza,46.41,False,0.0,False,Sesion_9
171,tardanza,47.29,False,0.0,False,Sesion_9
172,tardanza,45.75,False,0.0,False,Sesion_9
173,presente,29.35,True,60.0,False,Sesion_9
174,presente,24.41,False,0.0,False,Sesion_9
175,presente,36.39,False,0.0,False,Sesion_9
176,presente,36.59,False,0.0,False,Sesion_9
177,presente,48.07,False,0.0,False,Sesion_9
178,presente,29.92,True,60.0,False,Sesion_9
179,presente,48.45,False,0.0,False,Sesion_9
180,presente,25.21,False,0.0,False,Sesion_9
181,ausente,0.0,False,0.0,False,Sesion_9
182,ausente,0.0,False,0.0,False,Sesion_9
183,presente,11.95,False,0.0,False,Sesion_9
184,presente,34.59,False,0.0,False,Sesion_9
185,presente,36.31,False,0.0,False,Sesion_9
186,presente,46.11,False,0.0,False,Sesion_9
187,presente,37.67,False,0.0,False,Sesion_9
188,ausente,0.0,False,0.0,False,Sesion_9
189,tardanza,32.65,True,60.0,False,Sesion_9
190,ausente,0.0,False,0.0,False,Sesion_9
191,presente,31.93,False,0.0,False,Sesion_9
192,presente,34.29,False,0.0,False,Sesion_9
193,presente,33.91,False,0.0,False,Sesion_9
194,presente,46.66,False,0.0,False,Sesion_9
195,tardanza,48.9,False,0.0,False,Sesion_9
196,presente,32.82,False,0.0,False,Sesion_9
197,presente,40.97,False,0.0,False,Sesion_9
198,presente,33.84,False,0.0,False,Sesion_9
199,ausente,0.0,False,0.0,False,Sesion_9
200,presente,46.74,True,60.0,False,Sesion_9
200,presente,50.53,True,60.0,True,Sesion_9
201,ausente,0.0,False,0.0,False,Sesion_9
202,presente,41.09,False,0.0,False,Sesion_9
203,presente,35.31,True,60.0,False,Sesion_9
204,tardanza,28.22,False,0.0,False,Sesion_9
205,tardanza,41.39,False,0.0,False,Sesion_9
206,presente,41.39,True,60.0,False,Sesion_9
207,tardanza,41.03,False,0.0,False,Sesion_9
208,presente,33.23,False,0.0,False,Sesion_9
209,tardanza,46.26,True,60.0,False,Sesion_9
210,presente,61.55,False,0.0,False,Sesion_9
211,presente,29.13,False,0.0,False,Sesion_9
212,presente,19.75,False,0.0,False,Sesion_9
213,tardanza,37.24,False,0.0,False,Sesion_9
214,presente,34.27,False,0.0,False,Sesion_9
215,presente,37.14,False,0.0,False,Sesion_9
216,presente,39.75,False,0.0,False,Sesion_9
217,presente,25.72,False,0.0,False,Sesion_9
218,presente,33.81,False,0.0,False,Sesion_9
219,presente,22.1,False,0.0,False,Sesion_9
220,ausente,0.0,False,0.0,False,Sesion_9
221,presente,32.27,False,0.0,False,Sesion_9
222,presente,45.82,False,0.0,False,Sesion_9
223,tardanza,26.35,False,0.0,False,Sesion_9
224,tardanza,30.4,False,0.0,False,Sesion_9
225,presente,45.35,False,0.0,False,Sesion_9
226,presente,39.63,False,0.0,False,Sesion_9
227,ausente,0.0,False,0.0,False,Sesion_9
228,presente,29.98,False,0.0,False,Sesion_9
229,presente,35.2,False,0.0,False,Sesion_9
230,presente,48.59,False,0.0,False,Sesion_9
231,presente,21.12,False,0.0,False,Sesion_9
232,presente,20.78,True,60.0,False,Sesion_9
233,presente,23.31,False,0.0,False,Sesion_9
234,presente,42.57,False,0.0,False,Sesion_9
235,presente,52.04,False,0.0,False,Sesion_9
236,tardanza,47.04,False,0.0,False,Sesion_9
237,presente,30.65,False,0.0,False,Sesion_9
238,ausente,0.0,False,0.0,False,Sesion_9
239,ausente,0.0,False,0.0,False,Sesion_9
240,presente,45.65,False,0.0,False,Sesion_9
241,presente,27.84,False,0.0,False,Sesion_9
242,ausente,0.0,False,0.0,False,Sesion_9
243,presente,45.89,False,0.0,False,Sesion_9
244,presente,30.6,True,60.0,False,Sesion_9
245,presente,17.13,False,0.0,False,Sesion_9
246,ausente,0.0,False,0.0,False,Sesion_9
247,ausente,0.0,False,0.0,False,Sesion_9
248,presente,33.53,False,0.0,False,Sesion_9
249,presente,35.04,False,0.0,False,Sesion_9
250,presente,36.44,True,60.0,False,Sesion_9
251,tardanza,44.95,False,0.0,False,Sesion_9
252,ausente,0.0,False,0.0,False,Sesion_9
253,presente,33.09,False,0.0,False,Sesion_9
254,presente,36.03,False,0.0,False,Sesion_9
255,presente,38.01,False,0.0,False,Sesion_9
256,presente,22.26,False,0.0,False,Sesion_9
257,ausente,0.0,False,0.0,False,Sesion_9
258,presente,32.31,False,0.0,False,Sesion_9
259,presente,41.7,False,0.0,False,Sesion_9
260,presente,33.49,False,0.0,False,Sesion_9
1,presente,38.35,False,0.0,False,Sesion_10
2,presente,26.08,True,60.0,False,Sesion_10
3,presente,47.23,False,0.0,False,Sesion_10
4,presente,37.91,False,0.0,False,Sesion_10
5,presente,41.37,False,0.0,False,Sesion_10
6,tardanza,29.69,True,60.0,False,Sesion_10
7,presente,26.87,False,0.0,False,Sesion_10
8,presente,34.92,False,0.0,False,Sesion_10
9,presente,41.18,True,60.0,False,Sesion_10
10,ausente,0.0,False,0.0,False,Sesion_10
11,presente,44.39,False,0.0,False,Sesion_10
12,presente,27.74,False,0.0,False,Sesion_10
13,tardanza,29.64,False,0.0,False,Sesion_10
14,presente,40.16,False,0.0,False,Sesion_10
14,presente,42.13,False,0.0,True,Sesion_10
15,presente,49.86,False,0.0,False,Sesion_10
16,presente,24.88,False,0.0,False,Sesion_10
17,presente,33.42,False,0.0,False,Sesion_10
18,presente,40.44,True,60.0,False,Sesion_10
19,ausente,0.0,False,0.0,False,Sesion_10
20,presente,36.49,True,60.0,False,Sesion_10
21,presente,33.8,True,60.0,False,Sesion_10
22,presente,30.97,False,0.0,False,Sesion_10
23,presente,25.37,True,60.0,False,Sesion_10
24,presente,30.25,False,0.0,False,Sesion_10
25,presente,41.92,False,0.0,False,Sesion_10
26,presente,21.13,False,0.0,False,Sesion_10
27,presente,27.84,False,0.0,False,Sesion_10
28,presente,41.85,False,0.0,False,Sesion_10
29,presente,36.14,False,0.0,False,Sesion_10
30,presente,29.44,False,0.0,False,Sesion_10
31,presente,48.05,False,0.0,False,Sesion_10
32,presente,44.71,False,0.0,False,Sesion_10
33,presente,45.32,False,0.0,False,Sesion_10
34,presente,33.87,False,0.0,False,Sesion_10
35,ausente,0.0,False,0.0,False,Sesion_10
36,presente,36.53,False,0.0,False,Sesion_10
37,presente,37.07,True,60.0,False,Sesion_10
38,ausente,0.0,False,0.0,False,Sesion_10
39,ausente,0.0,False,0.0,False,Sesion_10
40,presente,25.9,False,0.0,False,Sesion_10
41,presente,35.04,False,0.0,False,Sesion_10
42,presente,28.22,False,0.0,False,Sesion_10
43,tardanza,38.35,False,0.0,False,Sesion_10
44,presente,37.68,True,60.0,False,Sesion_10
45,presente,45.51,False,0.0,False,Sesion_10
46,presente,27.77,False,0.0,False,Sesion_10
47,tardanza,27.77,False,0.0,False,Sesion_10
48,presente,33.98,False,0.0,False,Sesion_10
49,presente,39.85,False,0.0,False,Sesion_10
50,ausente,0.0,False,0.0,False,Sesion_10
51,presente,14.8,False,0.0,False,Sesion_10
52,presente,35.58,False,0.0,False,Sesion_10
53,presente,22.13,False,0.0,False,Sesion_10
54,presente,40.97,False,0.0,False,Sesion_10
55,presente,35.8,False,0.0,False,Sesion_10
56,tardanza,39.87,False,0.0,False,Sesion_10
57,presente,23.39,True,60.0,False,Sesion_10
57,presente,28.14,True,60.0,True,Sesion_10
58,presente,39.58,False,0.0,False,Sesion_10
59,presente,19.9,False,0.0,False,Sesion_10
59,presente,24.56,False,0.0,True,Sesion_10
60,presente,25.81,False,0.0,False,Sesion_10
61,tardanza,33.81,False,0.0,False,Sesion_10
62,presente,25.14,False,0.0,False,Sesion_10
63,tardanza,30.24,False,0.0,False,Sesion_10
64,presente,32.75,False,0.0,False,Sesion_10
65,ausente,0.0,False,0.0,False,Sesion_10
66,tardanza,48.52,True,60.0,False,Sesion_10
67,presente,35.85,False,0.0,False,Sesion_10
68,presente,32.68,False,0.0,False,Sesion_10
69,ausente,0.0,False,0.0,False,Sesion_10
70,presente,35.47,True,60.0,False,Sesion_10
71,presente,33.72,False,0.0,False,Sesion_10
72,presente,36.08,False,0.0,False,Sesion_10
73,presente,26.09,False,0.0,False,Sesion_10
74,presente,27.29,False,0.0,False,Sesion_10
75,tardanza,38.43,False,0.0,False,Sesion_10
76,presente,36.26,False,0.0,False,Sesion_10
76,presente,37.81,False,0.0,True,Sesion_10
77,presente,39.36,False,0.0,False,Sesion_10
78,presente,35.14,False,0.0,False,Sesion_10
79,presente,45.31,False,0.0,False,Sesion_10
80,tardanza,43.58,False,0.0,False,Sesion_10
81,presente,51.43,False,0.0,False,Sesion_10
82,presente,27.35,False,0.0,False,Sesion_10
83,presente,47.69,False,0.0,False,Sesion_10
84,presente,38.86,False,0.0,False,Sesion_10
85,presente,30.05,True,60.0,False,Sesion_10
86,presente,44.82,False,0.0,False,Sesion_10
87,ausente,0.0,False,0.0,False,Sesion_10
88,presente,33.24,False,0.0,False,Sesion_10
89,presente,23.68,False,0.0,False,Sesion_10
90,presente,30.75,False,0.0,False,Sesion_10
91,ausente,0.0,False,0.0,False,Sesion_10
92,presente,41.32,False,0.0,False,Sesion_10
93,presente,37.27,False,0.0,False,Sesion_10
94,presente,30.17,False,0.0,False,Sesion_10
95,ausente,0.0,False,0.0,False,Sesion_10
96,presente,40.4,False,0.0,False,Sesion_10
97,presente,43.13,False,0.0,False,Sesion_10
98,presente,26.29,False,0.0,False,Sesion_10
99,presente,50.58,False,0.0,False,Sesion_10
100,presente,35.08,False,0.0,False,Sesion_10
101,presente,37.01,False,0.0,False,Sesion_10
102,tardanza,30.61,False,0.0,False,Sesion_10
103,presente,55.16,False,0.0,False,Sesion_10
104,presente,35.15,False,0.0,False,Sesion_10
105,tardanza,25.38,False,0.0,False,Sesion_10
106,presente,24.1,False,0.0,False,Sesion_10
107,presente,37.83,False,0.0,False,Sesion_10
107,presente,42.54,False,0.0,True,Sesion_10
108,ausente,0.0,False,0.0,False,Sesion_10
109,presente,26.61,True,60.0,False,Sesion_10
110,presente,42.99,False,0.0,False,Sesion_10
111,tardanza,27.62,False,0.0,False,Sesion_10
112,presente,34.15,False,0.0,False,Sesion_10
112,presente,36.94,False,0.0,True,Sesion_10
113,presente,39.13,True,60.0,False,Sesion_10
114,presente,34.7,False,0.0,False,Sesion_10
115,presente,30.28,False,0.0,False,Sesion_10
116,presente,41.02,False,0.0,False,Sesion_10
117,presente,45.83,True,60.0,False,Sesion_10
118,presente,46.28,False,0.0,False,Sesion_10
119,tardanza,38.8,False,0.0,False,Sesion_10
120,presente,31.08,False,0.0,False,Sesion_10
121,presente,47.99,False,0.0,False,Sesion_10
122,presente,29.26,False,0.0,False,Sesion_10
123,tardanza,40.64,False,0.0,False,Sesion_10
124,presente,39.9,False,0.0,False,Sesion_10
125,tardanza,26.11,False,0.0,False,Sesion_10
126,presente,38.3,False,0.0,False,Sesion_10
127,presente,41.33,False,0.0,False,Sesion_10
128,presente,32.01,True,60.0,False,Sesion_10
129,presente,47.36,False,0.0,False,Sesion_10
130,presente,45.31,False,0.0,False,Sesion_10
131,presente,30.15,False,0.0,False,Sesion_10
132,presente,29.23,False,0.0,False,Sesion_10
133,presente,19.9,False,0.0,False,Sesion_10
134,presente,26.41,False,0.0,False,Sesion_10
135,presente,48.35,False,0.0,False,Sesion_10
136,presente,48.31,False,0.0,False,Sesion_10
137,presente,39.43,True,60.0,False,Sesion_10
138,presente,30.32,True,60.0,False,Sesion_10
139,presente,36.73,False,0.0,False,Sesion_10
140,tardanza,33.86,False,0.0,False,Sesion_10
141,presente,28.15,False,0.0,False,Sesion_10
142,presente,32.37,False,0.0,False,Sesion_10
143,presente,44.6,False,0.0,False,Sesion_10
144,presente,12.9,False,0.0,False,Sesion_10
145,presente,20.42,False,0.0,False,Sesion_10
146,presente,37.51,False,0.0,False,Sesion_10
147,presente,34.53,False,0.0,False,Sesion_10
148,ausente,0.0,False,0.0,False,Sesion_10
149,presente,40.8,False,0.0,False,Sesion_10
150,presente,34.6,False,0.0,False,Sesion_10
151,presente,33.32,False,0.0,False,Sesion_10
152,presente,44.92,False,0.0,False,Sesion_10
153,presente,32.11,False,0.0,False,Sesion_10
154,presente,28.55,False,0.0,False,Sesion_10
155,presente,13.36,True,60.0,False,Sesion_10
156,presente,27.62,False,0.0,False,Sesion_10
157,presente,48.43,False,0.0,False,Sesion_10
158,presente,47.54,True,60.0,False,Sesion_10
159,presente,43.95,False,0.0,False,Sesion_10
160,tardanza,34.99,False,0.0,False,Sesion_10
161,presente,39.81,False,0.0,False,Sesion_10
162,presente,26.24,False,0.0,False,Sesion_10
163,presente,37.72,False,0.0,False,Sesion_10
164,presente,40.64,False,0.0,False,Sesion_10
165,presente,49.02,True,60.0,False,Sesion_10
166,presente,34.72,False,0.0,False,Sesion_10
167,presente,30.93,False,0.0,False,Sesion_10
168,presente,31.36,False,0.0,False,Sesion_10
169,ausente,0.0,False,0.0,False,Sesion_10
170,presente,43.18,False,0.0,False,Sesion_10
171,presente,31.57,True,60.0,False,Sesion_10
172,presente,23.14,False,0.0,False,Sesion_10
173,ausente,0.0,False,0.0,False,Sesion_10
174,presente,42.92,False,0.0,False,Sesion_10
175,presente,44.23,False,0.0,False,Sesion_10
176,tardanza,51.45,False,0.0,False,Sesion_10
177,presente,27.45,False,0.0,False,Sesion_10
178,presente,32.89,False,0.0,False,Sesion_10
179,presente,30.36,False,0.0,False,Sesion_10
180,presente,37.02,False,0.0,False,Sesion_10
181,presente,24.68,False,0.0,False,Sesion_10
182,presente,26.61,False,0.0,False,Sesion_10
183,presente,31.67,False,0.0,False,Sesion_10
184,ausente,0.0,False,0.0,False,Sesion_10
185,ausente,0.0,False,0.0,False,Sesion_10
186,presente,47.53,False,0.0,False,Sesion_10
187,presente,18.14,False,0.0,False,Sesion_10
188,presente,13.46,False,0.0,False,Sesion_10
189,tardanza,53.44,False,0.0,False,Sesion_10
190,presente,28.5,False,0.0,False,Sesion_10
191,presente,28.89,False,0.0,False,Sesion_10
192,presente,27.93,False,0.0,False,Sesion_10
193,presente,35.97,False,0.0,False,Sesion_10
194,presente,34.21,True,60.0,False,Sesion_10
195,tardanza,27.92,False,0.0,False,Sesion_10
196,presente,18.16,True,60.0,False,Sesion_10
197,presente,32.0,False,0.0,False,Sesion_10
198,tardanza,53.95,False,0.0,False,Sesion_10
199,presente,17.9,False,0.0,False,Sesion_10
200,presente,35.88,False,0.0,False,Sesion_10
201,tardanza,24.77,False,0.0,False,Sesion_10
202,tardanza,30.32,False,0.0,False,Sesion_10
203,presente,29.25,False,0.0,False,Sesion_10
204,presente,41.84,False,0.0,False,Sesion_10
205,presente,21.27,False,0.0,False,Sesion_10
206,presente,28.15,True,60.0,False,Sesion_10
207,presente,32.78,True,60.0,False,Sesion_10
208,presente,36.23,False,0.0,False,Sesion_10
209,presente,32.08,False,0.0,False,Sesion_10
210,ausente,0.0,False,0.0,False,Sesion_10
211,presente,33.73,False,0.0,False,Sesion_10
212,presente,27.63,False,0.0,False,Sesion_10
213,presente,40.93,False,0.0,False,Sesion_10
214,presente,48.86,False,0.0,False,Sesion_10
215,presente,25.66,False,0.0,False,Sesion_10
216,presente,34.48,False,0.0,False,Sesion_10
217,presente,57.27,False,0.0,False,Sesion_10
218,presente,38.22,False,0.0,False,Sesion_10
219,presente,29.09,False,0.0,False,Sesion_10
220,presente,37.79,False,0.0,False,Sesion_10
221,presente,28.58,False,0.0,False,Sesion_10
222,presente,17.34,False,0.0,False,Sesion_10
223,presente,32.49,False,0.0,False,Sesion_10
224,presente,43.65,False,0.0,False,Sesion_10
225,ausente,0.0,False,0.0,False,Sesion_10
226,tardanza,36.96,False,0.0,False,Sesion_10
227,tardanza,48.15,False,0.0,False,Sesion_10
228,tardanza,38.15,False,0.0,False,Sesion_10
229,presente,40.34,False,0.0,False,Sesion_10
230,tardanza,45.84,False,0.0,False,Sesion_10
231,tardanza,51.1,False,0.0,False,Sesion_10
232,presente,38.82,False,0.0,False,Sesion_10
233,presente,31.65,False,0.0,False,Sesion_10
234,ausente,0.0,False,0.0,False,Sesion_10
235,presente,22.27,False,0.0,False,Sesion_10
236,presente,36.73,False,0.0,False,Sesion_10
237,presente,10.49,False,0.0,False,Sesion_10
238,presente,38.46,True,60.0,False,Sesion_10
239,ausente,0.0,False,0.0,False,Sesion_10
240,presente,32.49,False,0.0,False,Sesion_10
241,presente,27.01,False,0.0,False,Sesion_10
242,presente,31.09,False,0.0,False,Sesion_10
243,tardanza,56.44,False,0.0,False,Sesion_10
244,presente,42.65,False,0.0,False,Sesion_10
245,tardanza,25.6,False,0.0,False,Sesion_10
246,presente,43.83,False,0.0,False,Sesion_10
247,presente,42.22,False,0.0,False,Sesion_10
248,presente,33.58,False,0.0,False,Sesion_10
249,ausente,0.0,False,0.0,False,Sesion_10
250,presente,40.21,True,60.0,False,Sesion_10
251,presente,29.18,True,60.0,False,Sesion_10
252,presente,25.22,False,0.0,False,Sesion_10
253,presente,34.49,False,0.0,False,Sesion_10
254,presente,33.47,False,0.0,False,Sesion_10
255,ausente,0.0,False,0.0,False,Sesion_10
256,tardanza,38.27,False,0.0,False,Sesion_10
257,ausente,0.0,False,0.0,False,Sesion_10
258,ausente,0.0,False,0.0,False,Sesion_10
259,presente,33.2,False,0.0,False,Sesion_10
260,tardanza,26.96,False,0.0,False,Sesion_10
